ResponseId,Q01,Q02,Q03,Q04,Q05,Q06,Q07,Q08,Q09,Q10,Q11,Q12,Q13,Q14,Q15,Q16,Q17,Q18,Q19,Q20,Q21,Q22,Q23,Q24,Q25,Q26,Q27,Q28,Q29,Q30,Q31,Q32,Q33,Q34,Q35,Q36,Q37,Q38,Q39,Q40,Q41,Q42,Q43,Q44,Q45,Q46,Q47,Q48,Q49,Q50,Q51,Q52,Q53,Q54,Q55,Q56,Q57,Q58,Q59,Q60,Q61,Q62,Q63,Q64,Q65,Q66
R_2XhSm3rVuTDh2XT,100,99,1,52,7,69,42,4,6,6,38,2,100,2,2,26,90,6,4,1,5,100,7,5,5,63,81,91,3,3,3,1,2,100,100,2,1,1,100,100,1,3,2,1,1,100,0,1,100,100,1,76,4,1,1,0,100,0,1,100,34,1,1,2,100,22
R_82J66rTAKMAkEMO,53,58,7,77,0,20,7,16,6,7,29,20,84,27,12,14,25,27,12,8,13,51,52,22,13,34,20,10,18,13,8,29,10,44,49,10,11,20,27,40,7,10,11,8,9,23,12,25,55,64,10,29,12,66,69,53,59,12,7,34,14,5,44,81,18,40
R_80OjC1M5y1RxlPM,99,45,0,96,27,100,43,93,92,92,100,0,97,100,100,85,88,100,0,98,100,100,100,0,71,77,100,62,0,0,77,67,100,100,100,0,98,0,100,100,95,100,100,0,19,91,0,78,40,64,55,63,0,0,17,100,67,34,25,100,32,0,0,44,100,20
R_8rdBxiZHeShoPvf,54,8,6,99,5,6,23,76,6,32,7,5,100,9,10,3,4,9,5,3,5,47,4,3,88,6,5,6,5,6,7,8,1,3,3,1,18,2,50,4,3,4,94,4,5,3,20,8,4,18,1,42,4,4,4,41,51,44,5,59,6,3,3,5,49,3
R_2rH7YSrGIo4VOqn,90,70,0,100,63,19,100,100,43,84,100,9,100,100,9,4,50,11,4,100,8,64,54,36,60,4,11,14,8,6,8,6,8,58,9,8,8,8,100,7,17,8,9,6,10,7,9,10,7,100,100,8,9,11,8,100,100,8,9,100,100,28,10,100,31,21
R_21XjwbyGzuOyHgI,65,56,0,100,0,56,56,100,62,85,99,100,100,100,0,8,79,82,0,100,92,91,64,0,96,55,1,77,30,0,57,56,0,85,32,0,78,22,82,15,0,0,0,0,14,9,32,32,0,11,100,37,9,0,0,99,35,64,0,79,76,13,0,0,65,0
R_8wRkx3xsKEWvkx4,100,68,1,1,1,1,1,100,1,65,90,1,100,96,100,100,12,27,1,17,17,2,38,1,100,1,1,7,1,1,27,1,1,88,88,0,100,1,79,66,1,100,1,0,31,49,35,51,6,100,100,48,1,1,0,100,100,100,1,56,100,1,1,1,56,1
R_2z7lDjn9lsFW9le,78,60,8,92,1,89,7,100,57,100,100,45,100,28,1,1,48,80,0,100,100,100,100,49,100,100,100,25,1,1,48,29,99,100,64,5,100,1,65,4,3,51,4,50,2,100,3,48,20,3,40,100,87,16,19,83,82,82,22,90,62,5,15,100,39,58
R_2QZ0mVOXJ7bErCC,56,56,0,100,0,75,54,100,100,53,100,0,100,100,0,0,0,0,0,100,0,100,100,0,100,0,52,100,0,0,52,0,0,100,50,0,0,0,100,0,0,50,0,0,0,100,37,27,100,67,100,63,0,0,0,100,100,0,0,100,0,0,0,0,38,8
R_2By8fQWBDdVOmvN,98,6,6,44,2,85,11,100,100,92,93,17,100,51,85,81,26,87,14,100,80,53,89,36,82,11,89,22,85,24,0,56,0,82,11,39,13,83,100,7,52,100,41,0,25,96,100,78,5,31,100,55,94,22,44,100,73,82,57,76,100,78,74,0,72,2
R_7W7t8gWXV5YT89r,93,94,8,86,0,85,88,58,84,74,10,5,100,10,79,78,86,50,9,18,51,28,70,42,90,73,75,17,10,23,7,47,16,73,51,15,45,10,90,11,8,49,49,9,52,55,11,91,44,92,42,100,15,5,10,99,100,50,9,100,73,8,11,100,78,81
R_2oHhbfWNL2kkcVd,0,0,0,53,0,0,0,0,0,0,0,90,67,0,0,0,0,0,0,0,1,20,9,0,100,0,0,30,0,0,0,8,0,39,11,0,16,0,9,100,0,0,0,0,0,97,2,0,100,0,0,41,0,0,0,12,73,0,0,14,0,0,0,100,14,0
R_773U7ZqYsjUkFKp,73,76,8,84,2,5,57,4,47,32,88,0,100,73,75,28,2,1,1,81,46,82,100,45,100,32,25,23,1,2,50,31,69,80,57,2,9,1,80,3,45,18,17,2,31,10,52,58,2,75,100,57,3,1,79,81,100,26,2,71,39,14,0,1,12,0
R_7s5KA1fQw1up3RI,84,9,1,100,2,94,32,73,96,76,4,5,100,2,94,38,10,3,5,82,3,79,55,27,67,2,68,12,4,2,14,29,10,80,10,17,8,1,72,13,6,84,70,34,9,84,14,51,12,79,5,52,10,2,23,96,47,19,22,84,36,5,2,19,25,76
R_4GDEWIUC4ym26CC,11,10,3,89,10,15,12,91,22,5,40,2,29,10,3,5,22,23,5,32,7,1,10,6,77,10,11,28,5,14,20,30,4,47,13,15,23,11,25,10,9,25,11,0,29,47,12,8,14,19,14,29,9,19,10,64,63,0,0,49,23,0,5,4,16,32
R_43mdeeA3lr99XfP,14,43,9,100,11,36,49,75,25,15,18,2,53,34,0,43,30,27,0,64,10,83,47,14,89,14,22,79,9,0,28,63,0,55,10,18,50,7,38,23,6,8,7,8,75,30,73,13,8,30,33,11,12,28,4,61,59,6,9,75,56,7,8,27,48,66
R_2pXXnHm4NyMkzzI,7,5,7,58,0,100,16,75,100,100,100,0,96,100,0,0,100,100,0,76,100,100,100,18,100,100,100,100,0,7,100,72,27,100,100,0,83,0,100,12,52,70,0,0,5,100,0,99,73,100,78,100,0,0,0,100,100,100,16,100,12,7,0,10,100,0
R_7QF7WxFwsbDGmNo,100,83,49,72,4,100,82,100,100,100,49,4,100,87,84,24,64,59,79,49,63,44,100,29,94,72,100,58,78,31,15,63,22,100,100,5,12,4,100,9,32,26,83,47,32,69,25,57,31,68,100,54,15,23,63,100,100,15,35,80,69,27,4,13,100,12
R_5daHaWG1jP1noqh,59,20,10,56,39,18,0,67,20,4,0,0,50,0,3,6,46,35,21,70,7,56,40,3,56,23,2,55,16,0,9,50,0,35,0,0,68,2,43,57,13,0,10,20,57,51,0,0,0,22,0,87,27,48,0,53,51,72,16,62,61,0,11,54,15,0
R_1j7CZRMDdlYZsRa,77,53,0,42,72,89,26,50,96,100,95,3,100,20,100,10,100,58,0,100,100,12,100,76,100,100,100,85,9,0,100,21,32,100,100,0,6,0,84,80,0,31,0,0,24,100,12,9,35,36,45,100,41,5,10,100,48,31,8,100,21,24,0,60,100,42
R_9ewzLHjgKMw7aAo,74,13,4,100,0,0,60,83,9,9,77,2,92,73,5,52,70,80,0,75,48,79,45,4,66,0,2,13,6,5,36,52,29,49,82,1,65,4,22,60,1,3,5,9,36,63,99,58,53,32,82,33,9,4,0,52,56,32,4,38,47,5,2,7,50,0
R_6eJKKdxcAEn8sLc,99,3,3,100,3,4,19,100,9,8,79,4,28,63,4,13,5,6,7,96,6,8,50,8,100,8,5,7,9,7,6,6,7,61,6,9,13,9,36,32,9,8,9,100,31,6,3,5,26,3,98,30,5,5,4,74,57,8,86,100,72,8,3,13,4,6
R_7jeylS2IMX0LQHL,66,100,0,50,0,100,100,51,53,70,14,2,100,86,2,1,5,5,0,88,5,7,6,5,99,100,73,80,6,6,6,5,7,96,49,0,0,0,83,97,0,85,100,0,0,88,57,0,44,0,0,85,0,0,0,100,82,0,0,100,0,0,0,63,100,55
R_93ORM1AwErq8M3n,100,75,4,62,25,100,100,65,81,100,100,1,100,100,100,4,22,28,61,2,45,61,100,3,100,52,100,31,2,1,79,4,1,100,100,1,2,36,79,0,0,72,60,0,13,90,100,45,71,26,0,69,0,78,83,85,64,0,30,87,24,7,0,13,100,100
R_5QAF6WKKRnrvhgR,90,51,0,100,0,1,58,29,71,100,60,0,100,37,1,3,100,100,1,100,93,100,96,21,0,1,3,59,2,2,63,37,3,74,13,25,2,3,97,58,3,3,56,5,21,89,98,43,5,31,31,84,2,2,2,69,85,82,48,69,99,7,2,3,56,1
R_9I5dYnTeMGdPyAF,44,27,0,100,9,6,45,100,25,0,15,0,83,24,0,23,41,33,0,34,0,66,13,34,82,12,9,50,0,0,9,74,0,79,11,15,77,0,72,0,0,0,0,0,23,21,49,9,0,55,14,23,0,27,0,47,48,0,0,62,45,0,10,17,60,46
R_57qyyHfdXuoAZuM,93,100,43,52,50,100,100,100,100,100,100,47,100,100,100,14,79,100,82,100,100,100,100,55,100,100,100,100,54,8,100,40,42,100,100,23,68,43,100,49,50,100,100,62,0,100,57,100,11,100,100,68,52,100,67,100,100,51,0,100,52,4,46,25,100,100
R_8GwVWwztV7oDxie,100,23,0,43,0,80,35,0,72,59,0,0,100,0,100,100,100,100,0,100,100,100,100,0,100,100,100,100,0,0,100,0,100,100,60,0,0,0,100,100,49,100,100,20,0,57,0,100,100,100,0,62,68,0,0,100,66,0,0,100,17,0,0,76,69,100
R_4ffBkooFqHzbTXu,49,49,22,100,22,43,24,100,67,20,31,82,100,7,8,14,15,51,21,100,20,47,86,20,51,17,18,20,29,63,50,16,14,17,17,18,10,15,13,11,17,18,16,13,14,9,12,16,12,11,14,16,16,12,13,37,32,27,16,39,90,90,46,14,16,12
R_2xFuqG16chSKLcD,100,100,0,20,23,100,100,99,99,100,28,0,100,0,100,100,100,100,62,99,100,99,100,100,100,100,100,100,0,0,100,75,48,100,100,18,96,0,100,100,54,100,100,36,49,100,57,81,20,100,0,96,71,23,0,100,98,54,55,100,91,90,41,0,100,97
R_8dgzwbDadiIpEzC,73,90,20,2,0,100,100,90,70,91,7,79,100,7,55,94,23,86,8,80,100,11,100,40,100,100,100,20,100,41,95,39,5,97,96,2,8,10,97,9,8,96,94,11,56,84,81,88,100,38,1,84,38,82,2,100,81,76,2,98,36,67,89,100,100,100
R_36ao9YGhC5GcZrq,60,0,0,68,0,0,0,48,7,4,4,4,54,3,3,4,3,6,6,77,5,54,19,8,52,6,4,5,4,5,7,5,7,6,6,4,5,6,6,73,5,5,3,57,7,8,47,6,49,36,8,10,6,7,9,4,81,3,6,5,4,32,6,38,7,47
R_8c5yw36Pz3kZ3Cp,77,69,0,0,0,86,86,0,67,67,0,0,82,0,64,4,67,18,2,81,38,77,3,4,16,72,67,75,2,0,66,3,32,64,47,5,36,1,21,27,0,20,1,1,5,0,24,22,25,43,3,30,17,33,4,67,1,2,17,51,5,5,0,10,17,57
R_2U4mfZSqUjhgxov,85,0,0,100,0,24,76,85,1,9,100,1,88,100,71,74,1,3,0,1,17,99,98,49,100,1,68,92,0,0,97,27,7,70,71,0,52,0,51,55,23,48,84,1,31,63,76,81,84,100,100,76,0,0,1,80,99,1,76,92,78,1,1,52,100,100
R_21nfNz8AxMsB3vb,47,26,4,47,1,42,16,100,24,21,81,2,85,57,23,1,60,9,9,68,53,55,50,9,72,8,5,7,8,14,68,17,19,80,2,8,31,5,17,78,6,8,51,6,1,49,2,45,45,46,84,75,8,11,5,42,58,89,62,46,23,3,4,12,30,15
R_21hgqYz8t5glRvQ,58,80,18,100,65,100,87,100,92,86,100,62,100,100,39,24,80,73,19,100,88,27,100,29,100,90,91,80,60,36,48,67,34,85,47,8,75,4,82,100,11,13,41,67,30,100,64,73,75,60,100,100,64,75,30,82,100,9,41,86,63,18,7,89,100,100
R_2jJ9Enb3PhGhhr0,91,27,0,84,0,0,75,89,50,29,67,1,86,11,12,5,61,10,0,90,14,52,15,20,52,0,0,32,1,7,0,4,1,5,1,0,2,0,51,4,0,0,0,0,13,4,25,14,27,22,0,27,0,0,0,7,26,42,7,45,0,5,0,0,3,0
R_2GBvrInZcbMS2Sn,93,79,0,0,0,36,44,100,47,39,100,0,100,100,34,26,100,100,0,100,74,23,100,0,100,66,0,76,55,0,69,100,0,100,42,0,100,0,59,100,0,28,21,0,12,100,100,69,94,37,100,64,0,0,8,100,62,93,0,100,59,0,14,100,38,0
R_80UPG53TvLSipp9,87,100,0,83,0,50,100,0,100,100,90,0,58,100,58,65,100,100,0,0,100,0,85,64,100,41,71,75,0,0,96,83,25,89,70,0,48,0,100,41,0,9,70,0,31,97,100,100,46,100,100,100,44,0,29,100,100,100,0,100,100,0,1,100,100,0
R_8GoYPzVdsrKHvoX,80,75,75,76,79,61,77,100,78,71,97,23,100,94,78,57,71,75,54,63,67,92,88,55,56,58,79,76,33,30,70,53,33,49,65,16,64,9,71,69,17,18,51,55,34,70,52,63,47,56,94,85,33,20,19,70,95,20,32,46,81,36,13,14,50,4
R_2j9CQBXGXNNuzPK,54,91,14,100,5,25,91,100,71,43,71,32,46,4,3,80,96,70,7,91,75,98,54,5,49,41,0,94,23,0,1,29,0,100,6,0,100,0,100,52,0,0,88,46,0,62,0,0,4,81,0,77,0,0,0,100,84,28,6,100,13,0,17,50,100,87
R_85ynJUGBEKkyGVb,100,44,49,35,0,100,0,100,100,100,74,0,100,81,0,54,67,100,69,100,36,53,100,48,73,100,100,60,11,0,56,1,0,100,74,0,100,32,92,86,0,0,48,0,0,100,0,0,54,70,51,100,0,0,0,100,100,40,41,100,41,37,34,73,100,100
R_3PodwOUP2vSsgnv,88,0,0,71,0,0,0,0,25,70,69,0,100,0,0,0,51,49,0,0,48,100,86,0,100,0,49,53,0,0,0,0,0,54,100,0,0,0,78,0,0,0,41,0,0,47,0,0,0,0,0,54,0,0,0,81,83,100,0,50,0,0,0,69,0,68
R_7WC5s3UbYjb6FoQ,100,86,2,90,98,57,63,85,74,75,71,1,97,85,81,36,38,37,36,86,90,94,99,9,99,26,31,61,1,8,98,100,5,98,76,1,55,1,88,27,53,66,73,11,86,75,74,64,59,67,71,95,95,3,26,100,78,81,9,85,75,62,20,78,71,63
R_85RZ7KzgNx48Ks3,83,93,90,62,10,92,91,82,87,91,73,49,91,78,31,27,82,82,9,9,59,82,97,18,16,71,85,80,17,17,69,52,46,94,85,69,58,26,64,91,20,72,84,10,8,95,2,38,92,81,65,44,33,83,42,88,60,19,8,81,13,14,65,98,86,25
R_20vDr1r7HHiVqNj,100,98,0,100,0,10,100,92,68,56,100,4,100,100,0,30,23,20,0,0,9,74,77,20,100,5,30,14,0,0,0,14,0,21,0,0,0,0,100,0,0,0,0,0,0,0,99,0,33,22,98,18,0,0,0,100,100,0,0,93,0,0,3,0,81,0
R_2MmTlNP5xc4RGg9,0,0,87,0,9,0,0,1,0,0,0,100,0,0,0,9,1,1,100,0,0,8,0,4,0,1,0,0,100,53,0,0,24,100,0,100,0,100,0,14,0,0,1,58,0,0,0,0,0,0,0,0,45,100,100,18,0,0,100,0,0,0,48,0,0,0
R_2fa65f8opk8WyHo,100,86,9,19,0,100,100,0,100,100,100,0,100,100,100,0,100,43,0,100,100,100,100,3,100,0,100,100,0,0,100,0,0,100,100,0,61,0,100,0,0,37,0,0,0,100,9,100,76,100,100,53,0,0,0,100,100,0,100,100,0,0,0,0,100,0
R_2GfjC3MVnEcoTeY,0,0,0,16,0,88,0,100,29,6,100,7,100,99,15,0,81,0,0,82,0,56,27,0,100,28,10,8,53,6,7,5,0,0,0,0,88,23,46,0,0,33,44,9,0,0,0,73,0,0,100,0,2,66,0,64,12,65,0,0,13,0,59,0,41,29
R_2EE5rJTSC8DESKw,72,49,0,60,0,17,0,100,30,0,68,0,100,71,0,0,16,24,0,69,0,0,100,0,100,10,0,95,0,0,0,19,0,50,49,0,10,0,64,97,0,0,0,56,0,88,0,0,100,71,58,82,0,19,0,56,71,0,53,5,0,0,0,54,0,0
R_2GPHintDgstJ7cB,25,90,0,17,0,0,98,94,59,17,100,0,100,100,0,27,62,74,0,36,5,95,60,6,51,2,2,93,0,0,0,3,2,91,5,1,59,1,96,69,1,2,2,1,2,71,100,2,58,100,93,95,2,1,0,97,66,1,0,100,20,0,0,88,100,9
R_8i9xYeUG6pgGUzV,100,100,71,58,42,68,100,100,100,78,15,0,58,8,63,53,64,51,0,28,100,100,100,39,78,38,62,76,19,9,12,0,0,36,66,6,7,3,68,100,5,14,9,8,43,80,34,10,82,67,26,24,20,25,50,83,94,100,100,100,100,16,5,50,86,51
R_8lsILlZZYFC4ihg,11,8,40,100,0,0,0,100,0,0,18,60,100,27,14,12,0,0,0,0,0,0,26,0,0,0,0,0,61,62,0,69,24,0,0,83,0,29,20,0,31,0,0,27,49,0,0,0,0,0,15,0,0,0,69,0,73,68,34,0,78,14,71,0,0,0
R_8gtFkXjmgJKhJZe,64,55,5,5,1,30,100,100,49,87,100,1,100,100,1,70,100,100,1,76,71,71,100,93,3,14,6,59,1,1,57,2,2,86,59,1,94,2,100,22,2,37,12,8,72,100,69,2,2,100,100,74,2,26,13,100,81,2,24,100,13,1,1,1,100,55
R_137hIGLXGFs3l60,61,57,0,71,13,37,27,78,51,22,21,16,71,5,10,12,56,74,1,72,30,75,66,55,67,18,11,64,11,8,44,10,16,79,20,7,77,6,100,67,10,8,3,12,24,76,56,18,73,86,24,70,26,26,13,99,66,58,22,76,66,13,13,12,76,74
R_6JJWJhHMGO0dgDx,13,54,0,100,0,0,8,88,27,15,7,0,100,39,32,19,14,12,0,100,12,83,73,37,38,9,11,50,0,0,0,0,0,7,0,0,22,0,22,0,0,0,0,14,0,11,18,0,0,66,0,9,0,0,11,89,0,0,8,20,0,0,0,0,53,0
R_1HTi09RS1k4sIfV,91,26,1,100,1,1,30,100,42,41,3,1,88,2,48,20,62,59,4,14,39,66,38,25,100,4,71,33,0,1,12,14,0,40,2,1,47,0,70,1,32,3,1,0,5,60,18,45,76,39,3,56,3,1,1,75,90,3,1,57,49,1,0,35,16,0
R_3KBzCrdG7Kixayl,9,7,89,80,6,6,4,45,3,5,39,100,70,41,29,13,5,20,80,60,4,4,82,13,33,3,3,4,100,100,4,43,28,2,4,84,69,83,4,6,54,4,50,52,5,2,3,42,3,2,33,2,24,30,12,2,54,4,100,1,20,8,99,2,5,3
R_6FrxVHjAPK79RaF,100,68,1,3,50,100,82,100,67,100,75,1,100,39,84,19,100,79,2,42,89,100,71,66,10,44,67,93,0,0,76,43,0,77,97,0,71,0,78,2,0,82,39,0,0,84,60,100,19,85,41,52,0,0,14,100,46,71,0,100,13,0,0,15,100,55
R_5PhwLs2FT6XpBvt,10,58,0,0,0,0,16,58,17,8,8,0,32,41,0,0,0,0,0,0,53,72,26,12,1,0,2,10,0,0,0,0,0,53,0,0,8,0,53,44,0,0,0,0,0,69,50,0,10,0,17,84,0,13,44,59,67,0,0,5,14,8,0,26,0,0
R_67m1CvToNb2BnHK,100,14,78,100,14,100,75,100,65,71,100,100,100,100,100,73,18,100,16,100,100,95,100,39,100,11,100,26,67,63,100,72,64,100,100,30,100,65,100,14,17,100,76,20,42,72,21,100,17,39,76,37,100,77,31,100,61,32,100,38,67,100,14,17,74,100
R_2msW0FZBeZ1QEFI,65,100,0,100,0,0,47,100,0,0,26,0,100,23,61,6,76,74,0,47,35,64,62,58,85,16,0,0,26,0,0,52,0,57,2,0,76,0,100,36,61,39,76,0,0,60,100,43,59,100,39,82,0,1,46,90,88,94,24,100,55,0,0,59,81,0
R_2DtGGi1TA31uEEr,6,33,9,100,0,14,60,49,8,10,87,10,100,85,13,14,13,12,10,92,12,100,100,11,91,50,39,100,4,4,100,84,4,33,86,5,6,9,100,8,7,11,9,7,5,8,100,6,54,9,58,58,2,15,10,84,51,88,48,90,100,8,6,3,5,7
R_25UT8oy5Eh47os1,48,30,0,100,1,68,8,100,100,100,100,0,100,100,35,20,35,54,0,17,85,0,69,7,93,81,98,90,0,1,100,2,1,92,100,0,86,0,100,100,0,29,69,0,0,100,100,100,99,47,98,100,0,0,0,100,100,36,39,100,60,0,0,85,100,46
R_4ESAEdazLY4ALeU,81,67,5,9,0,36,55,50,34,36,6,5,57,11,17,15,41,15,4,46,29,64,79,13,84,26,69,100,2,5,80,48,5,90,48,2,70,2,100,49,2,5,64,5,4,73,15,33,48,59,10,59,2,1,12,100,100,7,10,100,79,3,3,3,75,3
R_8MzkEYWgiXpb5Xu,80,95,0,100,50,25,65,100,30,31,24,0,100,12,6,24,35,51,0,45,14,74,42,9,14,16,13,46,0,0,18,77,0,0,0,0,0,6,85,8,10,11,11,11,13,66,38,7,50,10,83,43,9,9,0,58,64,45,55,60,53,0,2,62,11,12
R_8G4hOKuGYmvSuDD,100,100,5,100,46,100,88,100,100,62,100,5,44,39,8,5,75,100,1,3,45,100,100,3,100,2,69,58,6,2,3,100,3,100,13,2,100,3,100,100,4,7,71,56,50,100,100,68,100,100,23,100,7,8,100,100,100,100,68,100,100,37,2,76,100,10
R_8F9uw42o9nY8Uv6,100,8,100,48,52,100,2,53,100,100,5,100,100,5,87,2,100,100,71,100,100,100,99,4,5,100,100,100,49,52,100,25,80,100,100,9,5,8,9,7,6,83,82,51,3,100,17,49,9,100,10,100,11,6,8,50,51,11,6,69,75,8,10,9,100,27
R_7780m5Lksc3sPVN,100,98,9,33,1,100,99,20,84,96,3,3,85,37,3,12,66,68,2,80,60,100,72,89,33,14,4,42,13,34,94,63,74,48,19,7,77,1,56,13,40,1,85,6,69,100,4,32,64,93,79,50,86,36,68,96,66,49,100,92,59,2,1,93,100,14
R_2TATA4ahzZRCHGr,55,90,0,49,1,87,58,100,70,100,56,1,100,8,66,6,76,73,2,100,97,12,88,11,100,19,90,37,2,0,91,21,1,58,89,24,70,4,83,11,4,26,80,18,22,89,40,64,79,75,19,48,11,0,35,73,74,60,21,72,33,5,2,11,89,6
R_4gTPlhPjdHSVkZW,37,100,98,66,25,50,100,57,57,100,100,0,100,100,77,41,100,100,0,52,100,53,100,58,100,100,73,100,60,3,100,100,0,100,100,22,100,2,100,100,29,59,87,47,38,95,100,100,55,56,89,100,18,0,70,100,100,100,50,100,69,61,0,82,100,75
R_3nT0xtUA3KHN3DC,100,89,10,88,8,5,44,2,1,21,83,5,57,83,81,9,9,0,6,47,66,65,88,46,77,9,55,24,12,9,22,42,12,16,15,12,38,4,73,7,12,24,7,5,48,12,7,45,13,46,84,15,10,7,6,66,62,24,13,45,72,28,8,47,25,16
R_4WZ4Hi5VzsoECoG,100,58,25,100,28,100,73,37,82,78,57,7,100,78,71,25,69,43,5,98,100,73,100,48,100,20,100,17,3,77,100,100,34,100,55,2,47,28,100,78,59,100,100,5,20,58,14,68,16,100,77,100,23,27,8,100,100,82,11,100,100,63,17,22,82,85
R_3g6ISCahP3G9iD3,100,0,100,100,0,30,12,100,0,100,0,0,80,9,0,100,84,37,0,0,10,17,100,10,100,19,0,88,0,0,1,8,0,0,0,0,100,0,100,92,0,0,0,2,52,100,0,0,0,100,0,100,47,0,0,35,22,0,0,31,48,84,0,50,0,0
R_7hRUW8QWVPjWaBP,32,71,6,93,6,100,100,100,59,85,3,5,100,3,1,2,1,4,3,100,4,100,53,3,100,25,100,100,5,4,62,25,5,100,1,2,74,3,100,3,3,3,2,70,3,71,55,4,4,100,5,3,3,2,2,100,72,5,3,100,3,1,3,3,100,0
R_3irmCSSogJ61rCp,5,10,17,100,15,26,17,21,7,16,73,19,65,77,17,82,99,100,13,89,13,78,72,76,24,22,23,97,15,23,95,77,14,94,26,26,21,18,94,62,15,23,43,18,34,98,23,21,20,87,100,94,14,18,88,98,100,100,14,85,100,12,18,20,59,65
R_54GEo6oVUabMnax,74,11,11,100,9,17,8,11,13,16,100,14,100,100,17,41,17,14,15,79,20,56,98,63,100,36,25,24,11,10,21,52,18,19,16,19,78,12,73,70,12,16,67,77,56,23,10,75,92,24,100,55,32,18,37,81,100,81,16,14,86,43,12,58,17,18
R_7KyVQhuoz3xBsZj,50,64,12,69,0,14,35,47,1,3,68,0,16,35,14,0,64,83,0,3,9,96,84,4,29,10,6,62,6,2,0,84,71,81,5,2,62,0,67,28,16,11,20,90,11,28,5,51,7,82,71,57,0,0,28,61,82,40,0,95,62,0,0,0,38,0
R_3kwN7ySaA22SJ6V,91,0,0,45,0,100,0,100,21,68,0,0,100,0,0,100,36,38,0,47,100,100,100,93,100,19,100,100,0,0,100,0,30,100,0,0,79,30,100,0,0,100,100,100,67,54,100,100,0,100,0,0,0,0,100,100,100,100,39,100,17,0,15,0,100,29
R_1SeZht6ngAfNSq5,82,57,14,66,4,72,43,100,75,78,100,0,100,100,39,40,52,62,19,94,52,73,100,25,86,64,99,56,47,41,90,17,26,72,88,10,58,0,39,0,1,47,19,0,0,86,5,65,64,13,100,81,5,7,0,100,100,0,0,57,39,89,0,5,61,71
R_3nP0j7VurSQ30UR,100,71,9,100,52,100,57,100,100,100,100,24,100,100,79,76,51,66,26,100,100,97,100,81,100,91,100,78,80,17,92,49,33,100,95,4,66,0,57,73,25,52,18,0,63,70,14,87,75,88,100,100,21,11,36,100,100,90,8,54,50,86,0,64,62,88
R_1jcXe3APZpYeQZ4,100,48,0,48,0,100,100,100,100,100,55,0,100,100,100,0,100,69,59,100,100,100,100,8,100,32,100,100,3,0,100,4,47,100,100,1,39,0,100,100,0,39,55,0,0,100,68,72,63,100,80,50,0,0,0,100,100,0,0,100,0,0,0,100,100,49
R_5khumMPXFiXq2mN,21,0,0,50,0,1,0,100,0,0,68,0,86,71,23,0,0,0,0,33,0,100,76,0,0,0,0,0,0,1,0,83,0,0,0,0,0,0,0,0,0,0,10,0,51,0,66,0,0,0,71,0,0,0,55,0,46,0,0,0,0,0,0,0,0,0
R_2F5IyUssVznUTws,5,64,3,5,7,60,43,100,55,100,100,4,100,66,28,7,16,8,3,100,3,2,3,3,100,5,47,2,2,4,60,6,8,96,4,2,0,0,100,3,3,0,0,5,0,41,0,2,61,7,65,89,42,3,4,100,100,3,2,100,3,5,5,74,54,100
R_7X1jQMIKoHTbgPv,100,100,2,52,3,33,94,100,99,89,96,3,100,70,98,3,74,4,4,97,69,5,100,2,100,100,100,87,1,40,49,100,3,100,100,3,1,3,100,58,7,100,100,4,2,100,80,76,5,97,81,95,10,2,26,100,96,5,4,100,62,64,3,96,100,100
R_6kSo9g1dODtQ03c,17,76,0,74,0,0,0,54,0,0,0,0,0,0,25,0,0,0,0,10,0,27,49,0,90,0,0,0,0,0,100,0,0,100,47,0,0,0,20,0,1,0,0,0,0,0,0,0,0,0,0,47,0,0,10,50,15,0,0,52,0,1,0,0,0,15
R_8iVJ1ho3Z4k8ZAq,100,94,0,29,0,69,81,100,53,31,77,23,100,100,64,21,28,26,5,8,57,86,85,7,91,11,54,74,4,2,75,81,8,80,2,0,0,20,100,0,0,60,80,0,10,0,48,68,0,68,72,48,46,0,10,96,97,0,0,62,90,38,0,11,44,0
R_5jsnI41DJqrDNQZ,0,16,0,100,0,0,8,100,0,0,100,0,100,48,12,0,0,0,0,100,0,0,100,0,3,0,0,0,0,0,0,4,0,3,0,6,0,0,34,14,0,0,0,0,7,0,0,0,0,5,38,0,0,0,0,26,3,0,1,66,0,0,0,0,0,0
R_2CK01qMaYfcChaX,23,68,0,36,0,0,37,31,0,9,7,0,33,6,11,11,0,10,0,49,19,78,37,56,30,0,8,100,0,0,76,24,10,30,7,0,0,0,4,0,4,18,34,8,3,0,19,18,0,75,18,0,8,10,0,32,19,4,0,22,7,6,0,0,27,0
R_7osZ5aSJ6UotKKt,65,11,11,47,8,100,2,100,60,54,3,22,100,13,32,9,100,100,5,74,36,47,100,53,43,73,100,45,46,5,100,17,4,100,100,5,64,3,88,56,59,100,17,100,41,100,22,13,63,47,9,100,2,2,4,100,100,100,100,100,42,9,4,43,73,50
R_3QFXKZfW1HNB4U1,100,6,72,16,34,100,9,86,87,51,54,14,100,16,100,50,100,100,100,68,53,100,100,9,100,100,100,100,7,13,60,53,14,100,100,0,4,38,100,6,15,0,0,51,11,100,28,69,100,53,28,100,62,51,7,69,100,4,57,53,78,3,2,53,32,100
R_27vBMfv7MGk4616,81,58,100,92,91,100,85,100,81,100,83,100,100,91,96,87,100,98,100,93,100,97,100,70,100,100,100,72,50,100,100,100,87,100,100,100,99,72,100,56,10,90,68,61,7,69,83,86,80,78,77,93,53,68,34,99,100,79,57,63,80,95,63,75,96,100
R_7vVagAXmB8XUfh7,0,31,69,0,0,0,8,0,0,0,0,33,100,0,29,27,0,0,71,0,0,0,100,0,0,0,0,0,25,44,0,27,2,0,0,0,0,70,0,0,0,1,0,0,4,0,0,2,52,0,0,3,1,31,4,67,4,100,5,0,100,3,100,0,0,0
R_8YyoKugoMTn4M1z,77,8,4,5,7,6,8,100,7,8,100,6,100,100,5,4,49,50,7,100,4,100,66,6,78,86,70,81,4,5,5,5,4,83,4,8,65,5,71,6,7,6,40,5,6,80,44,5,39,4,83,100,5,6,6,100,100,7,24,60,7,7,8,6,7,7
R_1GxAvm8KltMMzxy,29,2,42,4,7,8,28,94,5,1,31,68,76,6,85,6,26,9,4,78,8,6,79,10,100,3,5,11,8,4,10,100,5,4,6,0,13,12,100,8,3,85,78,33,89,11,12,51,24,14,9,20,5,47,0,17,10,13,0,0,74,77,7,0,6,12
R_3QK9VzlbRCvGUNb,100,100,51,100,25,100,100,100,78,100,29,0,100,24,82,31,0,0,0,88,100,81,100,21,100,47,100,100,21,3,77,89,15,100,100,0,100,0,100,17,0,100,100,46,47,100,0,72,100,100,22,100,51,0,15,100,100,100,0,100,100,0,5,100,100,47
R_4NPATCn461mLqxu,86,74,100,100,100,100,100,100,75,100,70,100,100,65,75,71,100,100,56,100,64,79,100,86,100,77,51,74,62,100,100,100,76,100,100,12,100,76,100,76,52,83,52,56,100,100,100,100,100,81,55,87,75,27,66,100,100,100,11,100,100,100,79,51,100,78
R_8iXuu7H3nTSfYYJ,45,65,7,86,0,46,70,100,24,59,59,0,100,54,53,51,84,80,0,40,4,35,44,69,83,0,0,42,0,0,0,36,0,60,0,0,100,0,92,0,0,0,82,0,0,91,70,0,0,55,53,78,0,0,0,100,97,0,0,56,73,0,0,0,0,0
R_2wuG6IXMtnlbTvu,73,74,6,69,2,39,56,85,51,12,7,3,92,10,31,7,63,32,5,12,42,12,48,3,9,12,5,10,5,4,5,70,2,83,1,2,34,1,94,64,19,78,52,4,0,0,0,25,0,0,0,20,0,47,9,95,14,0,0,85,34,76,0,73,39,0
R_6jNtG02JTkb73U0,59,96,6,85,7,6,84,89,14,27,54,0,99,68,6,40,61,37,0,72,14,71,76,17,70,16,24,63,0,59,20,50,0,25,16,0,49,0,64,0,0,6,17,0,29,0,57,3,43,67,63,59,0,0,0,62,47,11,22,62,58,27,0,22,63,0
R_8gUQycXKMprZPFL,100,100,0,0,0,100,100,100,100,100,0,0,100,0,100,0,71,81,0,100,100,100,100,0,100,100,100,1,0,0,100,33,0,100,100,1,0,0,100,0,0,100,100,0,1,0,0,100,0,100,0,40,58,0,0,100,0,1,0,100,0,0,0,0,100,100
R_7LImanS7l4SfAir,55,79,60,50,0,17,72,100,53,43,100,4,100,88,56,62,51,81,14,95,54,89,100,100,85,41,12,61,3,7,20,52,13,76,28,5,69,0,68,76,0,74,0,0,57,75,100,78,54,85,81,91,0,0,4,100,69,100,0,53,58,64,0,4,40,25
R_3X0WlmQtw40DxaZ,100,0,0,11,22,80,56,100,59,100,100,0,100,100,7,20,22,12,0,80,74,100,95,21,100,29,86,12,0,8,80,19,58,76,100,0,9,1,70,61,8,32,71,100,26,79,13,81,59,59,100,17,19,15,100,100,88,78,2,89,79,5,0,68,97,50
R_9yY0qviKJyp5GiB,5,2,1,42,1,1,1,99,1,3,51,6,93,2,2,6,1,1,7,1,1,2,44,34,49,1,0,0,14,0,0,29,0,0,3,0,0,18,1,0,4,0,0,10,0,0,0,0,0,0,0,0,0,10,0,0,9,1,49,0,16,0,5,0,0,19
R_1RPKbY79g78GY8Z,96,97,0,0,0,98,98,82,92,94,95,0,96,97,92,0,93,94,0,91,95,95,96,0,96,95,96,96,0,0,96,0,0,95,94,0,95,0,97,96,0,95,94,0,0,95,92,95,95,95,95,93,0,0,0,95,95,95,0,98,97,45,0,96,94,0
R_1n0zaXyH6ohTTib,21,65,76,91,5,54,23,87,11,71,12,35,75,13,6,8,9,78,7,49,12,45,67,48,86,17,15,70,84,13,84,86,18,82,79,11,14,86,79,10,13,13,20,78,22,19,21,14,11,15,13,8,15,14,9,72,82,8,12,74,18,9,12,7,67,54
R_34CmpeXlVQoqBRT,100,100,80,100,100,100,53,100,100,100,0,24,100,0,100,0,100,53,86,100,100,100,100,0,100,100,100,100,100,68,100,100,100,100,100,100,0,0,100,100,0,100,100,100,0,100,0,100,100,20,0,100,100,60,100,100,100,0,100,100,0,100,66,100,0,100
R_18YCSXlA5fLl7jP,100,75,0,0,0,100,86,99,100,100,51,0,100,64,13,0,82,47,0,100,100,100,100,5,100,61,100,100,0,0,77,0,0,100,86,0,0,0,100,18,0,0,100,0,32,83,100,100,0,100,84,100,0,0,0,100,100,0,0,100,0,9,0,10,12,75
R_3vdL508QUg6aR8p,38,60,8,100,5,34,29,100,6,8,37,4,100,5,100,4,5,3,22,100,25,100,77,10,4,4,29,61,4,1,100,77,53,49,7,2,23,1,98,3,24,100,59,14,62,5,4,56,3,55,9,3,34,3,3,100,5,4,65,5,41,2,3,95,36,5
R_3PoESucOHvYAbBO,100,10,0,100,10,13,9,100,68,12,16,11,100,37,100,8,100,100,74,93,51,99,100,8,33,64,55,30,78,100,97,100,26,96,0,32,42,20,89,50,19,100,99,99,98,38,16,40,7,50,95,98,0,31,11,100,100,100,98,4,100,100,0,0,0,0
R_7fH4Uwtn6A5kYP0,0,0,0,64,0,0,0,56,0,0,0,0,0,0,0,0,0,0,0,0,0,0,0,0,4,0,0,0,0,0,0,0,0,0,0,0,0,0,0,0,0,0,0,0,4,0,5,0,0,0,0,0,0,0,0,1,0,0,0,0,0,0,0,0,0,0
R_1mO2vkLwu78FG8x,78,56,4,21,15,100,53,26,57,14,6,0,28,5,58,17,37,24,0,47,84,81,95,26,28,75,17,9,34,5,34,58,14,57,32,1,17,0,36,10,7,55,31,47,19,28,7,100,68,45,4,38,9,8,8,61,66,57,30,38,23,63,43,10,15,0
R_5kNOul3JzyJ4xyu,65,32,28,95,54,7,80,79,0,63,10,11,100,27,0,0,96,80,0,0,63,85,2,80,0,1,0,0,0,0,0,63,1,68,0,1,100,12,97,0,0,64,65,33,100,9,0,69,0,0,0,0,0,0,92,0,89,0,0,0,99,0,0,0,0,1
R_4c9LpjNyoJ9tcKR,75,100,22,100,13,71,81,100,22,89,18,0,100,11,0,0,15,11,0,100,89,100,100,0,100,66,73,0,0,0,61,73,0,72,0,18,85,5,100,0,39,37,85,6,0,0,0,100,0,69,0,17,18,0,48,85,72,79,3,100,71,5,14,7,11,0
R_6TwA8WyH84D4kNj,100,100,57,100,1,91,99,100,100,100,42,0,100,9,100,100,100,100,100,42,56,100,100,70,99,59,100,78,57,71,57,100,16,100,100,100,96,33,100,100,27,100,100,100,99,100,71,100,100,61,16,100,55,56,32,100,100,18,100,100,100,60,100,99,100,100
R_2atwkWhB5uThaiB,21,67,49,100,1,61,100,100,61,83,100,0,100,100,82,1,19,6,0,100,53,85,100,80,100,3,37,54,0,0,0,13,29,54,25,0,11,0,31,0,28,35,72,52,33,0,13,13,0,81,100,69,49,19,18,81,100,10,2,77,14,14,0,23,14,0
R_8ijU2gc80n03bLy,77,15,61,61,53,76,60,85,17,21,25,31,93,20,61,30,72,36,10,85,64,60,87,27,93,27,27,59,35,34,67,80,83,35,8,4,9,9,10,15,68,83,68,19,23,20,16,71,92,10,8,16,17,58,83,82,68,72,65,63,66,15,12,15,14,73
R_8gu5P1JNpANUF7k,88,49,1,41,1,84,91,100,55,100,93,3,100,100,23,23,34,86,6,20,55,100,69,5,12,100,98,48,5,5,50,14,8,49,88,7,10,6,7,75,12,7,5,3,9,65,10,6,13,100,95,100,15,12,15,100,16,33,10,94,8,19,10,73,72,72
R_7JW7F9vQUpTcT7j,0,100,0,0,0,0,100,0,100,0,0,0,0,0,0,47,0,0,0,0,0,100,39,0,0,0,0,20,0,0,0,18,0,21,0,0,0,0,0,0,0,0,0,0,0,0,100,0,0,100,0,0,0,0,0,21,0,0,0,100,0,0,0,0,0,0
R_5QF8eBnBf7KdwlV,0,66,3,0,0,61,9,75,100,100,75,6,100,57,100,50,47,1,0,100,100,7,100,74,0,9,61,73,5,6,1,0,7,59,100,2,2,3,2,0,0,2,46,89,72,71,0,100,0,3,81,82,48,0,57,78,0,0,0,61,0,62,0,0,62,0
R_5PdebkDfuiyxn1A,74,52,0,75,15,31,14,72,28,1,69,0,83,79,1,1,71,57,1,84,1,75,73,3,80,55,10,61,1,7,44,20,22,74,20,2,61,23,54,90,20,1,25,2,14,85,56,8,81,49,79,82,17,17,8,53,93,10,5,69,19,29,3,75,62,47
R_4BFbOLahtq76Epz,100,100,0,47,0,86,100,100,0,55,0,0,100,99,100,1,0,0,0,100,100,100,100,0,100,100,100,100,0,0,100,50,0,100,100,0,0,0,100,0,0,0,0,0,0,100,0,51,50,3,49,47,0,0,0,48,50,98,0,100,0,0,0,0,100,0
R_2kgruKDCPJryY7L,22,82,0,94,0,85,73,90,29,63,100,0,100,100,20,26,22,28,0,50,89,21,51,70,81,22,21,0,0,0,12,40,0,100,39,27,36,0,96,64,40,50,43,46,0,16,14,53,49,24,100,91,100,18,9,100,100,20,7,86,10,5,0,5,50,46
R_5IbIANEoFkvnH9f,100,100,1,1,0,100,100,76,86,100,11,0,6,6,100,78,82,17,18,0,100,100,100,0,0,0,100,78,0,0,89,0,82,89,82,0,80,0,7,2,2,100,47,0,48,89,0,100,0,100,4,77,47,0,0,100,50,0,0,100,0,0,0,0,100,47
R_3XgCnO2PFLRTrfb,91,20,3,69,1,1,23,89,92,27,5,25,14,3,100,2,43,32,21,100,30,85,82,28,88,32,32,15,16,23,9,57,9,47,8,19,40,12,24,10,6,27,4,9,17,31,13,13,6,16,33,16,13,13,8,15,29,100,74,51,50,80,18,13,12,9
R_7JBWyQIvPN5Mn5f,10,6,7,5,5,100,5,99,98,94,98,7,100,98,7,100,98,9,12,100,92,14,28,9,49,92,57,10,14,9,97,14,94,96,100,6,14,14,54,80,11,13,8,53,8,92,10,53,10,11,97,96,12,9,8,100,9,10,13,97,7,10,9,100,95,89
R_5VpIpoJ6NLtbqud,100,100,11,89,2,11,100,100,1,67,50,0,100,50,46,10,12,11,0,100,53,100,61,29,100,8,0,55,0,2,0,16,0,51,0,0,79,0,100,0,1,4,0,0,21,42,100,13,31,46,31,19,0,13,7,100,100,100,0,57,0,1,0,0,69,0
R_8IYwikfq6sqEm14,29,32,0,36,0,8,3,100,4,69,100,3,100,94,21,24,59,79,39,100,41,58,78,39,9,2,68,18,36,5,46,41,10,68,25,0,12,3,100,68,5,6,17,13,0,4,4,24,55,3,61,48,0,3,7,63,55,4,44,7,70,8,2,6,58,9
R_6FJ7nh5uyI7mRQw,81,100,18,84,0,4,21,89,47,92,80,1,94,49,1,2,34,76,1,77,78,71,60,0,100,1,1,60,1,1,55,2,1,18,35,1,1,1,73,100,0,5,47,0,25,79,1,29,6,86,82,65,1,1,1,69,100,2,1,66,68,1,0,84,54,0
R_50SegqSp1pViEwz,62,0,0,100,0,84,0,100,7,97,36,84,100,78,87,0,35,96,78,100,100,0,100,0,29,26,100,13,100,61,100,100,0,100,57,0,20,46,26,0,12,79,0,60,36,67,0,100,0,3,83,0,2,100,0,100,100,23,80,19,84,0,72,0,67,100
R_2h9kJ0GNGHOs3JU,0,3,0,100,0,0,0,49,0,0,10,0,6,9,3,0,0,0,0,24,0,0,2,0,100,0,0,0,0,0,0,0,0,0,0,0,0,0,0,0,0,0,12,0,0,0,0,1,0,0,0,0,0,0,0,7,72,0,6,9,0,0,0,0,0,0
R_3YbOzhhZlGGdgHL,100,100,0,52,0,100,100,100,83,84,50,0,100,50,100,100,100,100,0,100,100,100,100,90,100,100,100,90,0,33,100,46,0,100,83,0,17,0,87,51,0,86,13,0,55,9,20,100,16,89,47,14,74,0,0,89,89,5,52,100,2,0,0,26,55,100
R_5JIgR9BWV3XH0CB,2,4,6,99,3,6,8,64,4,4,5,5,29,11,7,9,8,5,10,52,9,6,8,9,8,10,9,12,11,6,6,68,9,6,9,11,8,10,10,7,8,9,47,55,6,10,10,10,13,8,8,51,10,11,9,29,12,13,8,13,56,25,13,6,6,5
R_6njcVlMg90NBySB,100,100,100,100,54,100,100,100,100,75,100,6,100,100,57,26,80,72,3,100,15,100,100,25,100,100,57,100,100,44,70,100,11,100,16,7,81,46,100,100,40,10,17,17,63,64,64,66,5,100,74,99,18,100,9,100,100,17,100,100,48,9,13,78,13,39
R_7WUNoxTOnO6U2yJ,6,5,6,2,2,100,0,57,60,29,36,4,47,0,100,3,22,4,5,51,22,100,100,2,100,65,100,75,2,3,4,3,4,100,81,2,4,3,55,100,3,100,37,3,1,84,1,2,100,52,3,100,3,1,2,100,100,2,1,100,1,2,0,100,4,100
R_3MaOrycpd4yC1P3,100,43,0,65,16,100,53,100,40,100,49,2,100,49,100,4,12,15,5,100,100,100,100,5,100,100,100,100,16,18,17,42,20,84,65,2,20,15,85,7,90,100,75,5,37,76,9,79,0,100,100,39,37,24,0,100,36,7,6,100,49,18,0,18,100,46
R_3jDQmBnrSWUklzz,38,15,0,0,0,77,0,100,0,0,24,0,100,27,0,0,0,0,0,19,0,0,0,0,100,0,33,0,0,1,0,0,0,68,0,0,1,0,100,0,0,0,0,0,0,0,34,0,0,0,0,45,0,0,0,88,0,0,0,0,0,0,0,1,0,93
R_60Iuga4Z6yL5CI8,68,78,11,100,5,13,21,100,17,37,100,3,91,31,61,47,46,25,5,20,26,47,83,15,77,9,37,63,7,7,9,13,11,70,18,15,92,14,81,88,64,13,61,60,64,73,80,18,35,48,100,75,13,15,22,79,70,19,68,100,72,19,8,100,100,3
R_3CO13leyO0zLD5W,1,25,0,44,0,0,85,24,0,0,90,0,100,100,0,0,14,0,0,50,31,9,0,0,0,0,0,0,0,0,0,16,0,6,0,0,11,0,72,17,0,0,0,0,0,0,0,14,0,9,88,17,0,0,0,88,0,0,0,15,9,0,0,0,0,0
R_9EbOzvpNpa2wilk,100,100,2,52,3,12,20,100,100,100,100,0,65,14,44,33,81,100,0,5,100,20,15,14,44,16,59,64,0,0,43,3,0,100,100,0,0,0,100,100,0,9,17,16,0,100,100,100,80,37,56,100,0,28,0,100,100,19,0,100,75,0,7,100,100,72
R_7QY9q8XilRLKstG,22,76,16,80,0,0,35,69,4,0,100,20,85,96,51,47,0,5,57,100,15,29,4,56,100,0,0,28,15,4,0,21,6,0,0,0,13,0,5,14,11,0,2,15,19,19,8,36,9,32,67,20,6,42,35,9,21,7,0,28,0,0,11,0,8,0
R_6dEk7tRbV3LaFX3,81,0,100,51,1,2,90,100,67,23,91,88,100,100,36,100,20,0,0,100,100,100,100,51,100,43,0,0,0,0,0,0,0,77,0,0,0,35,0,65,0,100,18,100,77,100,77,46,7,83,0,100,39,0,32,71,100,0,100,100,0,89,33,28,59,100
R_10qve2wOIYZYW4S,74,100,0,48,0,0,0,100,0,0,100,0,100,0,76,0,0,0,0,0,0,0,0,0,48,0,0,0,0,0,0,20,0,100,0,0,0,0,0,0,0,0,0,100,0,79,47,0,0,0,0,0,0,0,0,100,46,0,0,68,0,0,0,0,0,100
R_5Jz2BKaGz36Aacw,83,48,0,100,79,0,4,100,27,47,45,0,100,45,47,75,33,37,0,100,28,73,64,38,100,1,25,23,61,22,42,81,52,74,2,5,86,0,92,0,47,65,48,17,82,0,93,79,28,7,53,63,0,18,75,93,95,91,44,19,86,99,6,6,31,44
R_3YLBzV7SkT76JSk,48,100,0,100,100,48,100,0,0,100,0,0,0,0,100,50,0,0,0,0,100,100,100,0,100,0,100,50,0,0,100,0,0,100,100,0,0,0,47,100,100,100,100,0,0,100,0,100,100,100,0,100,0,0,0,100,0,0,0,100,0,0,0,100,0,0
R_71eIihtEmtR9l9D,35,38,0,73,0,30,32,100,12,78,56,0,100,19,22,0,29,0,0,12,48,11,4,0,45,0,3,50,0,0,26,6,0,36,3,0,10,0,28,7,0,0,0,0,11,75,27,43,7,15,32,40,0,7,0,44,54,21,0,38,20,0,0,3,52,66
R_8G5Hz6s4HL6zTeF,42,33,0,62,0,74,56,100,54,93,23,2,64,2,47,48,72,56,1,33,12,17,62,6,26,20,13,32,1,3,4,7,0,77,63,0,0,2,85,42,0,36,43,0,10,60,10,1,21,5,1,12,1,0,0,71,37,0,40,55,0,0,0,8,93,2
R_1LHegeibglA8OXo,100,100,0,13,0,0,100,100,11,51,0,0,100,0,28,52,2,1,0,0,48,100,89,53,0,0,65,100,0,0,28,0,0,23,0,0,0,0,100,0,0,67,19,0,22,0,0,0,68,100,0,11,0,0,0,100,100,0,0,100,0,0,2,100,46,0
R_1uEav9ajs52pZmh,99,59,0,100,0,9,65,100,56,85,80,0,100,78,63,10,96,95,0,84,90,97,92,8,92,48,59,88,0,0,97,60,0,68,80,0,86,0,100,47,2,81,89,0,44,80,90,95,67,94,92,59,0,0,4,86,94,81,0,94,95,0,0,59,87,0
R_6eK67Dwd9ht07GN,34,4,42,78,53,56,38,81,36,53,59,45,100,57,52,100,48,49,12,100,100,62,88,68,79,49,49,49,50,44,100,65,49,59,63,62,42,42,72,50,43,41,100,42,76,57,74,74,39,50,63,55,63,37,40,60,52,0,41,49,57,53,0,100,78,0
R_6VdM7bgsPWGt9Db,100,60,73,100,60,89,35,100,70,73,91,63,99,79,33,14,67,88,100,75,45,69,100,85,100,65,66,63,82,55,76,100,29,90,26,47,54,67,62,26,49,24,72,63,92,60,57,43,37,43,65,83,39,40,61,80,66,58,100,40,60,3,20,36,37,53
R_8LLtgLKhBNA4S3j,76,11,3,68,4,84,11,63,36,22,12,4,86,7,33,6,20,11,2,49,6,39,37,30,28,25,59,6,6,9,6,57,49,79,13,8,13,12,100,16,43,16,43,5,30,3,8,7,5,53,2,24,36,4,15,100,71,25,30,59,13,46,5,72,69,78
R_5P7FCo5BmthYc3n,71,76,36,89,27,77,22,88,29,100,21,6,100,25,100,49,12,13,0,80,84,100,100,52,100,30,72,6,25,7,82,74,9,100,100,3,46,12,79,3,9,100,100,100,10,77,20,48,5,60,28,15,52,18,34,100,65,9,0,6,49,77,5,74,50,36
R_7U4WLnLfxCUrrwt,14,61,0,100,0,0,39,100,0,0,0,0,100,0,0,29,7,4,0,100,0,100,41,0,100,0,0,28,0,1,62,12,0,19,0,0,0,0,100,0,100,67,80,11,3,0,2,100,0,85,0,0,0,0,1,100,12,0,0,62,100,0,0,0,3,0
R_3hrW82adgZcyfIX,77,18,79,12,47,25,0,42,35,72,100,66,4,78,90,84,7,93,83,80,87,0,100,69,100,40,77,4,100,67,70,100,100,10,100,48,2,57,22,44,100,100,50,100,76,25,2,100,0,2,47,84,100,100,100,62,60,100,100,24,81,63,95,2,0,53
R_3yq9w5UucqeYNt7,76,77,18,47,83,100,100,100,100,100,48,0,100,0,100,20,63,33,0,1,13,100,9,1,49,1,28,100,1,0,100,45,21,30,54,1,37,1,59,100,68,2,71,100,49,100,100,71,100,100,48,62,25,1,60,77,100,1,6,100,35,1,1,50,100,1
R_11HS9eONc56dsiZ,79,60,5,76,6,22,47,100,60,73,10,7,100,41,100,8,59,28,39,100,76,24,100,7,100,9,64,55,14,7,55,100,65,100,79,9,7,1,100,8,3,100,85,90,3,47,9,100,8,100,14,19,9,22,17,100,16,88,20,100,87,13,3,13,100,65
R_8yscByO1TQthNRh,97,98,0,94,0,83,71,100,98,99,49,0,98,48,64,55,73,72,0,84,85,88,83,11,0,21,51,60,0,0,50,51,0,70,49,0,100,0,97,10,0,54,53,0,0,69,64,65,5,64,31,54,0,0,0,97,66,0,0,74,98,32,0,0,22,0
R_8EMZWaYkigJCgSt,63,31,10,86,17,3,54,50,33,38,41,4,92,42,14,70,57,54,3,74,48,71,96,52,30,1,46,5,11,33,30,76,32,66,13,8,72,6,77,8,37,38,16,11,83,14,88,35,13,56,64,60,22,10,47,88,27,40,17,38,77,50,6,13,45,48
R_85SBT8r1IZR94am,7,1,1,100,2,64,75,90,56,0,100,0,67,68,0,0,94,67,0,0,0,73,0,24,69,47,0,0,0,0,0,36,0,44,0,0,0,0,85,0,0,0,0,0,0,0,96,31,54,53,79,61,0,0,0,64,61,0,0,59,29,0,0,57,26,56
R_8aKtbno2lglAgui,6,7,13,0,0,1,4,8,0,8,3,12,2,2,0,17,85,85,0,100,63,85,4,17,0,70,44,60,6,17,88,77,15,86,82,12,72,12,97,87,17,0,11,0,0,94,3,95,0,88,63,96,0,30,31,93,91,11,0,79,6,52,24,96,90,0
R_2JLumzHtoKQLAyC,100,100,7,100,6,100,100,100,100,100,11,12,100,100,9,11,100,100,59,100,91,81,91,92,90,92,90,93,14,86,79,79,21,84,84,24,88,19,93,100,19,85,84,18,90,94,95,86,100,93,84,15,27,16,90,86,100,85,8,19,91,16,24,100,100,9
R_2EX9dVtMIDX097K,82,58,79,70,46,30,21,61,0,9,46,92,100,79,80,72,10,19,82,90,24,2,80,8,100,7,7,11,92,90,17,75,83,76,48,67,19,79,7,91,72,98,53,46,49,15,6,13,90,6,82,76,8,54,91,8,81,14,53,11,69,9,73,87,7,7
R_1FUo0lxhNIRsf81,68,5,5,93,5,87,28,96,100,57,95,3,93,49,100,3,79,50,3,99,85,100,100,5,71,5,100,97,1,2,97,72,2,99,96,1,4,0,48,50,1,98,80,1,1,100,2,97,23,95,82,91,0,1,2,71,2,68,87,71,21,1,0,81,85,3
R_20p1bd3unHpzuKt,5,73,0,58,0,100,100,100,77,100,0,0,100,0,0,19,73,61,0,100,100,88,100,21,0,0,86,0,0,0,76,0,0,100,0,0,100,0,100,0,0,0,0,0,0,25,0,56,0,68,0,0,0,0,0,100,0,0,0,86,100,0,0,0,85,0
R_8AX1A9aMmrBx1xD,74,94,0,0,0,0,62,100,49,0,93,0,100,100,20,0,64,78,0,90,81,37,100,0,36,95,0,100,0,0,50,69,0,100,14,0,100,0,82,100,0,0,28,0,0,100,100,76,76,88,100,92,0,4,0,100,78,73,0,100,79,0,0,100,14,0
R_2CT7Frdh46f3Iur,77,26,1,71,2,62,35,41,27,56,100,1,93,52,16,21,69,54,3,2,54,85,91,24,25,44,45,74,2,3,5,10,1,49,17,2,23,4,79,46,1,12,3,5,5,31,100,45,8,82,100,48,10,8,41,100,83,57,8,55,74,8,6,18,80,6
R_2ynY01fw9XWR7LX,92,64,36,38,38,100,67,52,80,84,49,56,100,31,100,92,47,85,81,28,68,73,83,64,8,44,72,69,78,51,90,44,77,100,58,3,59,50,65,33,21,67,86,36,87,47,24,75,25,54,26,28,71,68,58,100,35,59,83,33,2,7,29,8,55,54
R_7PaZ45nY89wa57j,49,15,0,17,0,43,74,89,18,19,14,0,89,1,13,0,26,25,15,0,28,35,42,32,1,0,1,30,18,0,6,2,0,28,0,0,11,0,68,48,7,10,6,0,48,25,82,47,7,9,3,3,0,17,0,66,43,34,30,62,15,0,0,19,33,14
R_2fpGkicW4GZYeMQ,50,17,7,62,13,40,8,97,6,10,7,8,96,35,100,29,14,16,17,85,30,54,29,56,16,98,97,29,11,44,13,17,25,90,81,10,11,9,17,14,98,14,16,100,51,21,24,29,10,68,25,14,37,22,28,81,23,84,35,100,67,28,13,19,97,19
R_1DRU2225CUAvX8A,32,99,3,45,1,2,100,100,1,44,61,1,100,100,48,18,100,76,37,77,15,73,100,14,100,53,77,100,4,3,2,15,4,58,49,4,52,2,100,82,2,23,100,1,6,100,100,15,58,49,100,82,2,4,36,100,98,99,27,100,71,2,2,26,84,2
R_1y7yuYfwzbn3l1v,10,49,10,49,23,68,16,100,6,0,60,10,100,13,0,13,10,0,0,12,0,1,0,13,0,23,0,0,0,0,0,14,24,17,0,0,0,13,78,0,19,0,14,20,0,10,20,0,14,0,48,0,0,18,18,59,0,0,0,49,35,0,9,25,0,9
R_1o5wjhVupQdtVNN,100,58,0,100,0,0,0,100,0,87,31,0,100,18,46,74,27,29,0,0,27,100,100,0,100,0,24,100,0,0,54,20,37,85,0,0,24,0,63,20,0,67,17,0,77,67,0,0,15,26,11,0,0,0,0,38,100,0,0,78,100,48,0,0,32,0
R_1IWBI6TTDEUPshL,78,70,4,58,72,100,73,100,70,100,75,34,97,56,61,38,77,42,25,100,84,83,87,16,88,88,85,100,24,22,100,60,26,96,31,78,37,0,71,6,0,54,60,20,4,0,61,74,0,97,24,89,37,61,0,65,80,83,45,100,82,39,26,50,81,65
R_8d6Cl3a7UGAv2x3,26,0,0,8,0,76,73,100,73,82,87,0,81,62,89,67,53,50,20,43,82,75,91,35,80,72,18,90,28,16,79,67,0,65,36,0,66,0,71,62,12,63,36,10,55,10,29,74,19,67,66,65,20,24,75,70,55,0,0,79,61,13,0,0,75,0
R_3hlrZWsERytZQnM,71,100,29,100,71,0,100,100,1,7,2,0,100,1,81,1,1,1,1,48,1,100,56,28,100,0,0,53,0,0,1,24,29,6,1,1,0,0,2,1,11,12,100,32,47,1,1,32,0,95,1,2,1,9,1,34,27,1,0,84,18,0,0,0,0,0
R_2MSDgEjV0VOkQiQ,100,100,0,0,0,0,100,0,0,100,100,0,20,12,0,0,65,100,0,0,58,100,46,0,100,0,0,47,0,0,46,0,0,100,0,0,0,0,54,0,0,0,100,0,0,0,0,0,0,100,0,94,8,2,4,79,39,0,0,100,0,0,0,0,100,0
R_3EtAPIZuJZbdnA6,100,85,0,14,1,24,2,100,4,5,8,0,100,100,100,80,0,57,0,100,100,63,100,0,100,0,0,0,0,0,0,5,62,100,0,0,0,0,0,8,0,0,6,1,0,63,0,100,0,83,62,0,0,4,3,100,69,4,2,81,0,0,1,0,0,70
R_2riuyJmwhf7oXJw,83,99,4,66,100,100,91,100,34,36,66,3,100,73,95,8,40,82,69,100,98,100,98,100,100,100,86,100,100,11,100,100,78,59,100,0,59,100,100,56,79,100,97,0,95,47,61,97,92,99,70,100,100,32,50,100,100,100,67,100,100,78,36,100,100,0
R_8pXhj5kyayovIq4,100,20,50,100,16,100,100,100,100,100,67,31,100,30,74,86,100,100,21,100,100,100,100,44,100,100,100,100,21,12,100,8,0,100,100,1,100,1,100,14,0,100,68,10,55,100,31,100,1,100,60,100,29,5,100,100,100,51,83,100,69,9,0,74,87,65
R_8PdiFmTlm4Z4Iqw,100,59,50,100,34,100,100,100,100,70,100,67,100,100,55,10,8,10,15,53,73,62,100,19,75,100,100,100,13,35,100,49,58,100,100,4,7,63,100,33,5,100,100,5,3,90,8,18,81,56,100,54,11,9,8,100,100,7,5,100,9,10,11,4,100,68
R_833x9avNLhw0vJf,23,41,32,1,1,100,7,100,2,50,2,4,100,2,1,1,0,26,0,1,2,70,10,3,100,9,3,7,2,2,3,4,3,100,1,0,3,40,3,3,5,4,1,3,4,3,4,2,5,26,1,42,3,5,5,3,4,5,42,42,2,5,1,100,4,4
R_7JOAi7t8aKst5nL,63,35,0,100,21,85,50,0,13,100,100,22,100,100,6,47,71,71,66,100,61,100,75,0,68,0,10,83,11,8,100,100,9,100,34,0,25,74,100,23,47,90,100,100,56,27,0,66,42,76,70,0,33,100,71,100,61,25,0,29,51,62,4,7,91,65
R_1Mxw9B2tuqqHxdD,72,74,0,100,0,100,91,100,100,84,100,13,100,100,0,0,57,0,0,100,29,0,100,0,91,85,100,81,76,0,0,72,0,100,32,0,0,0,70,0,0,0,0,0,45,79,71,34,0,0,100,0,0,0,0,100,0,16,0,89,58,92,0,0,100,100
R_8JmP8A9h7cIabhn,100,100,30,100,73,87,84,100,51,86,100,15,100,100,11,100,39,15,0,83,65,10,87,57,100,0,74,26,0,15,100,0,0,0,100,0,0,56,59,0,0,0,10,44,27,0,11,0,100,0,100,0,57,100,100,100,86,0,26,100,0,0,88,51,0,0
R_1iOwDYtLXxkmu4Z,22,52,1,89,1,28,57,43,41,24,58,14,100,0,19,31,64,55,1,78,25,87,6,49,40,35,6,20,1,5,4,59,15,76,29,0,100,39,94,2,9,9,6,19,7,62,100,5,1,87,15,48,20,26,0,100,74,2,0,68,51,1,28,20,61,29
R_8lm0MOmwviVgjHU,100,100,100,15,16,100,100,100,100,100,18,13,100,11,49,9,51,52,11,100,50,100,100,12,100,100,100,100,9,10,100,11,10,100,100,8,57,3,100,100,51,100,49,5,9,100,49,51,100,100,49,100,6,12,7,100,100,6,8,100,100,4,7,100,100,8
R_6AWtFSrdggpxkaJ,2,2,5,4,2,4,2,100,2,5,6,4,100,5,9,89,8,22,5,100,5,100,100,3,100,5,10,7,100,2,19,82,2,72,8,8,2,49,5,7,7,8,2,13,100,4,7,55,3,4,7,7,4,100,8,100,99,6,41,9,9,7,66,5,10,6
R_8uHUPBl1SULNtat,100,100,7,90,0,89,100,80,71,79,29,0,93,8,5,65,79,79,1,95,59,94,70,15,100,74,74,47,1,2,67,44,12,78,33,3,93,6,99,62,9,41,64,4,26,19,12,62,9,84,14,71,36,8,30,89,80,19,31,100,70,7,7,11,93,9
R_6iDwrWlUCGwPHXy,2,25,1,54,11,2,23,88,2,2,26,1,68,47,1,1,60,7,1,62,1,79,31,2,80,1,1,1,1,0,2,63,2,27,2,1,67,1,79,77,10,1,73,1,1,18,100,10,48,75,34,60,1,1,1,79,84,58,13,99,81,1,5,34,78,9
R_5j6uJaMdEcrEJMS,100,100,0,0,0,100,100,100,100,100,0,0,0,0,20,0,100,100,16,0,100,100,100,0,0,100,100,100,0,0,100,0,0,100,100,0,0,0,100,100,0,0,0,0,58,100,100,100,100,100,0,100,100,0,68,100,100,0,0,100,0,0,0,100,100,100
R_5wHoX3ttRiUW43g,75,51,30,100,15,58,30,53,59,39,58,19,100,75,63,79,23,18,9,89,82,63,85,70,60,62,72,59,23,23,21,19,55,45,29,6,10,13,46,50,85,44,48,29,94,10,49,66,15,68,68,24,50,46,55,69,39,18,25,15,46,21,6,15,54,6
R_1PiLrtgqgAHgbYJ,100,100,34,100,6,57,100,100,67,100,100,4,100,100,100,22,100,100,4,7,100,100,100,18,100,6,100,100,26,4,100,100,3,100,100,5,53,4,100,41,7,100,100,6,53,100,100,100,11,51,100,49,23,3,9,100,100,100,3,100,100,5,3,14,100,55
R_6smIW7YFtWsOdCQ,19,12,0,0,0,0,20,9,0,0,46,0,100,100,0,6,18,0,0,100,0,26,9,0,0,0,0,0,0,0,0,9,0,0,0,0,19,0,28,0,0,0,0,0,0,0,0,0,0,5,13,0,0,0,0,45,12,15,0,13,0,0,0,0,0,0
R_2LbtsK668RvapeF,49,16,15,100,9,100,11,100,100,100,51,9,78,78,52,37,14,34,4,19,45,54,100,10,100,100,60,100,7,7,7,7,15,100,10,11,11,8,2,20,21,6,6,0,0,100,0,0,0,57,16,100,0,100,0,71,87,68,0,49,0,0,48,0,17,13
R_8pldxKnKDimPDys,88,16,7,14,21,100,13,6,9,7,5,6,100,9,100,10,7,5,7,100,7,100,100,10,7,100,100,100,7,6,8,8,10,100,100,3,4,4,6,8,5,7,6,7,6,5,6,6,5,6,6,8,10,5,10,100,1,7,5,81,7,8,5,14,6,8
R_7cTzDfiLPQ0wBC9,97,5,1,1,1,100,99,1,99,98,42,1,99,1,99,1,22,15,1,97,98,98,99,25,71,3,97,98,1,1,98,1,1,100,99,1,99,0,100,49,99,99,100,1,1,97,1,98,1,71,2,69,20,2,0,99,1,1,20,99,100,1,1,98,99,1
R_1levP6TzI6EFeP7,94,52,0,100,0,0,60,100,26,4,100,0,100,100,53,63,19,6,0,100,7,82,83,43,100,11,75,67,0,0,76,81,0,13,0,0,0,0,1,0,0,0,11,0,19,0,64,14,0,100,100,28,26,0,0,82,100,0,0,56,0,52,0,0,27,0
R_6QEuAAP3YqW0Th7,92,79,12,26,10,28,22,65,60,20,83,18,84,77,20,23,25,23,13,16,17,75,71,14,18,61,29,63,18,26,23,25,19,62,13,14,21,15,62,16,21,16,12,18,14,17,19,17,14,11,75,15,10,15,16,17,72,13,20,93,17,13,15,14,18,45
R_6rF4jrVpI9mVj9v,75,75,7,9,9,75,54,75,65,21,88,4,90,91,11,11,11,8,9,12,11,71,13,10,11,8,9,79,4,11,11,6,3,57,8,0,10,5,81,5,7,7,3,3,4,67,27,5,55,44,93,5,8,0,4,6,37,5,7,74,7,6,6,8,5,57
R_8Yms2EHNED6fUBP,50,50,3,2,2,100,49,100,51,85,4,3,100,2,2,1,80,82,1,100,32,4,64,2,65,100,54,15,3,4,68,1,1,66,72,2,2,1,2,96,2,2,4,2,3,100,90,56,2,3,5,100,1,2,3,68,46,2,2,40,2,3,2,52,10,1
