ResponseId,Q01,Q02,Q03,Q04,Q05,Q06,Q07,Q08,Q09,Q10,Q11,Q12,Q13,Q14,Q15,Q16,Q17,Q18,Q19,Q20,Q21,Q22,Q23,Q24,Q25,Q26,Q27,Q28,Q29,Q30,Q31,Q32,Q33,Q34,Q35
R_2XhSm3rVuTDh2XT,10,10,10,10.0,10.0,10,10.0,10.0,10.0,10.0,10,10.0,10,10,10.0,10,10.0,10,10.0,10.0,10.0,10.0,10.0,10.0,10.0,10.0,10.0,10.0,10.0,10.0,10,10.0,10,10.0,10
R_82J66rTAKMAkEMO,8,9,9,,,7,,8.0,6.0,,9,,8,7,8.0,8,,9,8.0,9.0,9.0,9.0,8.0,8.0,,8.0,7.0,9.0,7.0,6.0,6,5.0,8,9.0,9
R_80OjC1M5y1RxlPM,8,7,8,8.0,8.0,6,5.0,7.0,5.0,7.0,3,5.0,4,6,6.0,7,7.0,8,8.0,8.0,7.0,7.0,8.0,7.0,9.0,7.0,7.0,6.0,8.0,7.0,5,4.0,5,3.0,4
R_8rdBxiZHeShoPvf,10,10,10,10.0,10.0,9,10.0,10.0,10.0,9.0,8,10.0,10,10,10.0,10,10.0,10,10.0,10.0,10.0,10.0,10.0,10.0,10.0,9.0,8.0,10.0,10.0,9.0,9,8.0,6,6.0,7
R_2rH7YSrGIo4VOqn,0,0,0,0.0,0.0,0,0.0,0.0,0.0,0.0,0,0.0,0,0,0.0,0,0.0,0,0.0,0.0,0.0,0.0,0.0,0.0,0.0,0.0,0.0,0.0,0.0,0.0,8,0.0,0,0.0,0
R_21XjwbyGzuOyHgI,4,4,4,4.0,3.0,5,5.0,5.0,5.0,4.0,2,2.0,3,3,3.0,2,4.0,4,4.0,4.0,4.0,4.0,4.0,4.0,4.0,3.0,4.0,3.0,2.0,2.0,7,7.0,7,6.0,7
R_8wRkx3xsKEWvkx4,10,10,10,10.0,10.0,10,10.0,10.0,10.0,10.0,10,10.0,10,10,10.0,10,10.0,10,10.0,10.0,10.0,10.0,10.0,10.0,10.0,10.0,10.0,10.0,10.0,10.0,10,10.0,10,10.0,10
R_2z7lDjn9lsFW9le,0,0,0,0.0,0.0,10,10.0,10.0,10.0,10.0,6,9.0,9,6,8.0,0,0.0,0,0.0,0.0,10.0,10.0,10.0,7.0,10.0,10.0,10.0,10.0,10.0,10.0,10,10.0,10,10.0,10
R_2QZ0mVOXJ7bErCC,8,10,10,10.0,10.0,10,10.0,10.0,10.0,10.0,10,10.0,10,10,10.0,10,10.0,10,10.0,10.0,10.0,10.0,10.0,10.0,10.0,10.0,10.0,10.0,10.0,10.0,10,10.0,10,10.0,10
R_2By8fQWBDdVOmvN,10,9,9,6.0,10.0,4,9.0,8.0,8.0,,4,6.0,9,9,,4,7.0,9,8.0,,7.0,7.0,9.0,8.0,9.0,9.0,9.0,8.0,8.0,9.0,2,7.0,5,3.0,6
R_7W7t8gWXV5YT89r,7,7,9,9.0,8.0,10,10.0,10.0,10.0,10.0,7,6.0,5,7,7.0,9,8.0,8,8.0,7.0,9.0,9.0,10.0,9.0,7.0,7.0,8.0,7.0,6.0,7.0,10,9.0,9,7.0,8
R_2oHhbfWNL2kkcVd,9,9,9,8.0,10.0,8,9.0,10.0,10.0,9.0,4,4.0,4,4,6.0,5,5.0,4,7.0,7.0,8.0,8.0,9.0,9.0,8.0,8.0,8.0,8.0,8.0,8.0,6,6.0,5,4.0,6
R_773U7ZqYsjUkFKp,6,6,5,6.0,6.0,8,8.0,8.0,8.0,9.0,4,3.0,3,5,3.0,2,2.0,3,6.0,4.0,4.0,2.0,7.0,6.0,4.0,7.0,6.0,6.0,9.0,8.0,9,9.0,9,9.0,9
R_7s5KA1fQw1up3RI,8,9,9,8.0,8.0,6,6.0,5.0,,4.0,3,4.0,5,6,7.0,7,8.0,7,6.0,6.0,3.0,3.0,4.0,3.0,5.0,3.0,3.0,0.0,2.0,2.0,4,6.0,8,3.0,7
R_4GDEWIUC4ym26CC,8,9,9,9.0,8.0,9,8.0,9.0,10.0,8.0,7,6.0,6,8,7.0,7,8.0,8,9.0,8.0,6.0,7.0,5.0,7.0,6.0,6.0,10.0,7.0,7.0,6.0,5,6.0,4,5.0,3
R_43mdeeA3lr99XfP,9,9,8,9.0,8.0,8,7.0,7.0,6.0,6.0,8,6.0,7,6,6.0,7,6.0,6,6.0,5.0,5.0,6.0,7.0,5.0,6.0,6.0,7.0,5.0,7.0,6.0,6,8.0,4,4.0,5
R_2pXXnHm4NyMkzzI,8,10,10,9.0,7.0,10,9.0,9.0,10.0,7.0,5,7.0,10,7,7.0,6,10.0,10,4.0,8.0,10.0,10.0,10.0,10.0,10.0,10.0,8.0,6.0,7.0,8.0,5,7.0,4,3.0,4
R_7QF7WxFwsbDGmNo,10,10,10,10.0,10.0,10,10.0,10.0,10.0,10.0,6,8.0,5,5,6.0,7,8.0,9,7.0,7.0,10.0,10.0,10.0,10.0,10.0,10.0,,10.0,10.0,10.0,10,10.0,10,10.0,10
R_5daHaWG1jP1noqh,4,4,4,4.0,4.0,5,5.0,5.0,5.0,5.0,4,6.0,6,7,7.0,3,5.0,6,6.0,6.0,5.0,5.0,3.0,6.0,7.0,6.0,7.0,2.0,6.0,5.0,2,4.0,7,9.0,5
R_1j7CZRMDdlYZsRa,4,3,2,4.0,3.0,4,2.0,5.0,2.0,2.0,2,2.0,3,2,1.0,1,1.0,3,4.0,3.0,7.0,7.0,6.0,2.0,8.0,3.0,4.0,6.0,6.0,7.0,2,5.0,4,6.0,8
R_9ewzLHjgKMw7aAo,8,6,7,9.0,6.0,6,8.0,9.0,8.0,6.0,6,7.0,8,7,9.0,5,8.0,7,8.0,8.0,6.0,8.0,8.0,6.0,8.0,7.0,8.0,7.0,8.0,9.0,7,8.0,9,10.0,7
R_6eJKKdxcAEn8sLc,8,7,7,7.0,7.0,7,5.0,5.0,7.0,4.0,1,1.0,2,1,2.0,0,1.0,4,7.0,0.0,7.0,7.0,4.0,6.0,7.0,10.0,7.0,7.0,8.0,7.0,6,7.0,9,10.0,7
R_7jeylS2IMX0LQHL,8,8,8,8.0,7.0,7,10.0,9.0,8.0,8.0,8,7.0,7,7,9.0,6,6.0,9,8.0,6.0,10.0,9.0,9.0,9.0,8.0,8.0,9.0,8.0,9.0,9.0,9,8.0,6,6.0,6
R_93ORM1AwErq8M3n,6,7,9,9.0,9.0,10,10.0,10.0,10.0,8.0,6,10.0,10,10,9.0,10,8.0,9,10.0,10.0,10.0,10.0,9.0,8.0,10.0,10.0,10.0,5.0,10.0,9.0,9,10.0,6,7.0,9
R_5QAF6WKKRnrvhgR,0,0,10,0.0,6.0,0,0.0,0.0,0.0,0.0,4,10.0,7,7,5.0,0,7.0,8,5.0,0.0,0.0,0.0,6.0,5.0,9.0,9.0,0.0,0.0,5.0,0.0,9,6.0,0,10.0,7
R_9I5dYnTeMGdPyAF,10,10,9,10.0,10.0,8,9.0,8.0,9.0,10.0,8,7.0,7,6,8.0,7,8.0,8,8.0,7.0,8.0,6.0,6.0,9.0,6.0,7.0,9.0,6.0,6.0,7.0,6,7.0,7,6.0,7
R_57qyyHfdXuoAZuM,10,10,10,10.0,10.0,10,10.0,10.0,10.0,10.0,5,5.0,6,6,6.0,8,8.0,9,7.0,3.0,7.0,8.0,9.0,8.0,8.0,7.0,7.0,2.0,8.0,5.0,6,7.0,2,0.0,7
R_8GwVWwztV7oDxie,7,8,8,7.0,8.0,10,10.0,10.0,10.0,9.0,2,7.0,9,8,8.0,9,9.0,10,10.0,8.0,8.0,6.0,9.0,10.0,8.0,6.0,8.0,8.0,5.0,6.0,10,10.0,7,6.0,9
R_4ffBkooFqHzbTXu,8,8,8,8.0,6.0,8,8.0,8.0,8.0,8.0,8,10.0,8,10,8.0,8,8.0,8,8.0,10.0,5.0,5.0,5.0,5.0,5.0,5.0,8.0,8.0,8.0,8.0,10,7.0,8,5.0,8
R_2xFuqG16chSKLcD,6,6,7,7.0,5.0,6,8.0,9.0,4.0,4.0,6,5.0,7,5,7.0,8,7.0,8,7.0,7.0,8.0,6.0,6.0,8.0,6.0,6.0,6.0,7.0,4.0,5.0,4,7.0,5,7.0,8
R_8dgzwbDadiIpEzC,8,8,7,9.0,9.0,6,8.0,0.0,8.0,7.0,9,9.0,9,8,9.0,3,5.0,8,7.0,7.0,9.0,9.0,9.0,10.0,10.0,9.0,9.0,9.0,10.0,8.0,6,7.0,6,6.0,8
R_36ao9YGhC5GcZrq,0,0,0,0.0,0.0,0,0.0,0.0,0.0,0.0,0,0.0,0,0,0.0,0,0.0,0,0.0,0.0,0.0,0.0,0.0,0.0,0.0,0.0,0.0,0.0,0.0,0.0,0,0.0,5,0.0,7
R_8c5yw36Pz3kZ3Cp,8,8,9,7.0,7.0,9,9.0,9.0,9.0,9.0,9,9.0,9,9,9.0,9,9.0,9,9.0,9.0,9.0,9.0,9.0,9.0,9.0,9.0,9.0,9.0,9.0,9.0,9,9.0,9,9.0,9
R_2U4mfZSqUjhgxov,9,9,9,9.0,9.0,7,7.0,7.0,7.0,7.0,7,7.0,7,7,7.0,8,8.0,8,8.0,8.0,9.0,9.0,9.0,9.0,9.0,9.0,9.0,8.0,9.0,9.0,9,9.0,9,9.0,9
R_21nfNz8AxMsB3vb,10,10,10,10.0,9.0,10,10.0,10.0,9.0,10.0,5,6.0,6,8,4.0,8,8.0,7,8.0,6.0,9.0,8.0,9.0,6.0,9.0,7.0,8.0,3.0,9.0,5.0,8,9.0,9,9.0,9
R_21hgqYz8t5glRvQ,8,9,8,7.0,10.0,4,8.0,10.0,10.0,8.0,5,4.0,4,4,6.0,3,4.0,6,2.0,6.0,8.0,10.0,10.0,10.0,10.0,9.0,8.0,9.0,10.0,8.0,7,6.0,7,6.0,6
R_2jJ9Enb3PhGhhr0,0,0,0,0.0,0.0,1,0.0,0.0,1.0,0.0,0,0.0,0,0,0.0,0,0.0,0,0.0,0.0,0.0,0.0,0.0,0.0,1.0,1.0,1.0,2.0,1.0,0.0,3,3.0,3,2.0,4
R_2GBvrInZcbMS2Sn,9,9,10,10.0,10.0,9,9.0,9.0,9.0,8.0,8,8.0,10,9,9.0,6,9.0,9,7.0,8.0,9.0,9.0,9.0,9.0,9.0,8.0,8.0,9.0,7.0,8.0,7,6.0,7,4.0,6
R_80UPG53TvLSipp9,10,9,8,10.0,10.0,10,10.0,10.0,10.0,7.0,10,10.0,10,10,10.0,4,7.0,10,9.0,6.0,10.0,10.0,10.0,10.0,10.0,10.0,10.0,10.0,9.0,9.0,10,7.0,8,10.0,8
R_8GoYPzVdsrKHvoX,9,9,7,10.0,8.0,9,9.0,9.0,9.0,10.0,3,6.0,8,8,7.0,8,7.0,6,8.0,7.0,8.0,8.0,6.0,4.0,7.0,6.0,6.0,4.0,5.0,3.0,9,8.0,8,4.0,4
R_2j9CQBXGXNNuzPK,3,5,9,4.0,8.0,7,9.0,10.0,6.0,6.0,9,3.0,10,10,7.0,5,4.0,6,5.0,7.0,6.0,6.0,7.0,9.0,8.0,10.0,9.0,6.0,10.0,7.0,8,5.0,7,9.0,8
R_85ynJUGBEKkyGVb,10,10,10,10.0,10.0,10,10.0,10.0,10.0,10.0,10,10.0,10,10,10.0,10,10.0,10,10.0,10.0,10.0,10.0,10.0,10.0,10.0,10.0,10.0,9.0,10.0,10.0,10,10.0,10,10.0,10
R_3PodwOUP2vSsgnv,5,5,5,5.0,5.0,5,5.0,5.0,5.0,5.0,8,8.0,8,8,8.0,8,8.0,8,8.0,8.0,8.0,8.0,8.0,8.0,8.0,8.0,8.0,8.0,8.0,8.0,5,8.0,5,5.0,5
R_7WC5s3UbYjb6FoQ,4,3,5,4.0,5.0,2,3.0,6.0,3.0,5.0,1,3.0,3,3,3.0,1,2.0,4,3.0,2.0,3.0,2.0,2.0,2.0,3.0,3.0,3.0,1.0,5.0,6.0,6,5.0,3,3.0,3
R_85RZ7KzgNx48Ks3,9,9,8,9.0,9.0,6,9.0,8.0,7.0,9.0,6,7.0,5,6,6.0,2,3.0,3,3.0,2.0,,,,,,5.0,3.0,7.0,7.0,5.0,7,7.0,5,6.0,8
R_20vDr1r7HHiVqNj,10,10,10,10.0,10.0,10,10.0,10.0,10.0,4.0,4,8.0,9,10,10.0,10,10.0,10,10.0,10.0,10.0,10.0,7.0,10.0,5.0,10.0,10.0,2.0,10.0,10.0,8,8.0,8,10.0,8
R_2MmTlNP5xc4RGg9,10,10,10,10.0,10.0,10,10.0,10.0,10.0,10.0,0,0.0,10,10,10.0,5,10.0,10,10.0,10.0,10.0,10.0,9.0,9.0,10.0,10.0,7.0,0.0,10.0,10.0,7,6.0,10,1.0,10
R_2fa65f8opk8WyHo,10,10,10,8.0,10.0,10,10.0,7.0,10.0,10.0,5,6.0,8,10,10.0,4,9.0,4,2.0,3.0,9.0,,6.0,10.0,10.0,9.0,7.0,9.0,8.0,9.0,10,9.0,9,9.0,9
R_2GfjC3MVnEcoTeY,6,8,8,9.0,10.0,8,7.0,8.0,7.0,8.0,2,6.0,2,6,4.0,5,3.0,3,3.0,3.0,8.0,8.0,6.0,3.0,6.0,2.0,9.0,0.0,10.0,8.0,6,4.0,0,4.0,10
R_2EE5rJTSC8DESKw,7,8,8,9.0,8.0,6,7.0,6.0,8.0,7.0,4,6.0,6,4,4.0,2,4.0,7,5.0,2.0,8.0,8.0,6.0,6.0,6.0,7.0,7.0,3.0,5.0,6.0,7,10.0,7,8.0,6
R_2GPHintDgstJ7cB,1,2,2,3.0,4.0,7,7.0,9.0,7.0,7.0,1,1.0,3,0,1.0,1,2.0,1,1.0,1.0,6.0,4.0,3.0,3.0,3.0,4.0,3.0,2.0,2.0,4.0,6,8.0,7,9.0,3
R_8i9xYeUG6pgGUzV,10,10,10,10.0,8.0,9,9.0,7.0,7.0,8.0,5,5.0,8,10,8.0,3,10.0,5,9.0,4.0,7.0,8.0,6.0,7.0,6.0,10.0,5.0,0.0,8.0,8.0,8,9.0,7,10.0,6
R_8lsILlZZYFC4ihg,8,4,9,10.0,9.0,10,10.0,,,,1,3.0,4,0,1.0,0,6.0,2,6.0,7.0,8.0,7.0,6.0,6.0,9.0,8.0,9.0,,9.0,8.0,8,,9,,3
R_8gtFkXjmgJKhJZe,8,10,10,10.0,8.0,10,10.0,7.0,7.0,9.0,1,9.0,8,7,8.0,6,9.0,10,10.0,7.0,9.0,7.0,6.0,7.0,5.0,6.0,10.0,8.0,4.0,5.0,10,2.0,3,7.0,10
R_137hIGLXGFs3l60,7,6,8,9.0,7.0,8,8.0,9.0,7.0,6.0,4,2.0,6,3,4.0,9,10.0,9,10.0,8.0,8.0,9.0,9.0,8.0,8.0,9.0,6.0,5.0,8.0,8.0,6,7.0,5,7.0,6
R_6JJWJhHMGO0dgDx,0,0,0,0.0,0.0,3,3.0,3.0,3.0,3.0,3,3.0,3,3,3.0,3,4.0,4,4.0,4.0,4.0,2.0,3.0,3.0,3.0,5.0,5.0,5.0,5.0,5.0,8,7.0,7,7.0,6
R_1HTi09RS1k4sIfV,7,6,8,8.0,9.0,7,8.0,9.0,9.0,7.0,7,7.0,8,7,8.0,9,9.0,9,9.0,9.0,8.0,8.0,9.0,8.0,8.0,8.0,8.0,8.0,7.0,7.0,8,9.0,7,6.0,5
R_3KBzCrdG7Kixayl,1,1,1,1.0,1.0,8,8.0,9.0,9.0,7.0,4,4.0,4,6,6.0,6,7.0,6,5.0,7.0,5.0,6.0,9.0,7.0,9.0,7.0,7.0,2.0,4.0,6.0,7,9.0,4,5.0,6
R_6FrxVHjAPK79RaF,6,7,7,8.0,8.0,8,8.0,9.0,8.0,8.0,4,6.0,7,6,7.0,3,5.0,7,5.0,6.0,6.0,6.0,7.0,8.0,6.0,8.0,8.0,6.0,7.0,8.0,6,8.0,7,8.0,7
R_5PhwLs2FT6XpBvt,9,9,9,9.0,9.0,9,9.0,9.0,9.0,9.0,8,8.0,9,9,9.0,9,9.0,9,9.0,9.0,9.0,9.0,9.0,9.0,9.0,9.0,9.0,9.0,9.0,9.0,9,9.0,9,9.0,9
R_67m1CvToNb2BnHK,7,6,9,3.0,7.0,7,8.0,5.0,7.0,5.0,4,6.0,2,6,7.0,5,6.0,7,4.0,5.0,8.0,6.0,6.0,5.0,7.0,8.0,5.0,4.0,4.0,6.0,7,7.0,7,8.0,4
R_2msW0FZBeZ1QEFI,1,4,6,,,8,8.0,9.0,9.0,4.0,1,0.0,0,0,0.0,0,2.0,1,2.0,1.0,9.0,8.0,7.0,4.0,9.0,5.0,4.0,8.0,2.0,4.0,3,7.0,8,5.0,8
R_2DtGGi1TA31uEEr,10,10,10,10.0,10.0,10,10.0,10.0,10.0,10.0,10,10.0,10,10,10.0,10,10.0,10,10.0,10.0,10.0,10.0,10.0,10.0,10.0,10.0,10.0,10.0,10.0,10.0,8,8.0,8,5.0,5
R_25UT8oy5Eh47os1,8,10,10,10.0,10.0,10,10.0,10.0,10.0,10.0,7,9.0,10,10,10.0,8,10.0,9,10.0,9.0,9.0,10.0,10.0,9.0,10.0,8.0,8.0,9.0,8.0,9.0,9,9.0,7,9.0,9
R_4ESAEdazLY4ALeU,1,1,1,1.0,1.0,2,2.0,2.0,3.0,2.0,0,0.0,0,3,2.0,0,1.0,0,2.0,1.0,0.0,0.0,2.0,3.0,1.0,2.0,3.0,0.0,3.0,1.0,4,4.0,9,9.0,9
R_8MzkEYWgiXpb5Xu,0,0,0,0.0,0.0,0,0.0,0.0,0.0,0.0,0,0.0,0,0,0.0,0,0.0,0,0.0,0.0,0.0,0.0,0.0,0.0,0.0,0.0,0.0,0.0,0.0,0.0,0,0.0,0,0.0,0
R_8G4hOKuGYmvSuDD,4,4,2,8.0,5.0,6,7.0,8.0,8.0,6.0,1,1.0,3,1,1.0,0,1.0,1,3.0,1.0,2.0,3.0,2.0,4.0,4.0,9.0,7.0,1.0,6.0,4.0,7,6.0,5,3.0,8
R_8F9uw42o9nY8Uv6,9,10,10,10.0,8.0,5,9.0,9.0,9.0,10.0,9,6.0,6,5,7.0,5,8.0,9,9.0,3.0,10.0,10.0,8.0,10.0,10.0,8.0,5.0,8.0,8.0,8.0,10,8.0,10,8.0,9
R_7780m5Lksc3sPVN,5,5,6,7.0,9.0,1,3.0,4.0,5.0,3.0,1,8.0,7,6,8.0,5,5.0,6,8.0,9.0,10.0,8.0,8.0,8.0,9.0,9.0,10.0,10.0,6.0,8.0,6,8.0,9,8.0,8
R_2TATA4ahzZRCHGr,8,8,9,9.0,7.0,7,7.0,7.0,6.0,8.0,5,4.0,8,0,2.0,9,10.0,9,10.0,8.0,10.0,10.0,10.0,10.0,10.0,8.0,10.0,8.0,10.0,8.0,10,9.0,7,10.0,10
R_4gTPlhPjdHSVkZW,9,10,10,10.0,9.0,8,9.0,10.0,10.0,8.0,10,10.0,9,9,8.0,10,10.0,10,10.0,10.0,10.0,7.0,10.0,10.0,10.0,10.0,10.0,6.0,10.0,9.0,10,10.0,9,7.0,9
R_3nT0xtUA3KHN3DC,8,9,10,8.0,10.0,8,9.0,9.0,8.0,9.0,6,7.0,8,8,9.0,8,8.0,9,8.0,9.0,7.0,8.0,8.0,8.0,8.0,8.0,9.0,6.0,8.0,8.0,8,9.0,7,8.0,9
R_4WZ4Hi5VzsoECoG,8,9,10,8.0,7.0,8,7.0,8.0,7.0,7.0,6,7.0,6,5,5.0,2,4.0,3,4.0,2.0,6.0,7.0,7.0,7.0,8.0,6.0,7.0,4.0,6.0,7.0,6,7.0,8,8.0,7
R_3g6ISCahP3G9iD3,10,10,10,10.0,10.0,8,8.0,8.0,9.0,8.0,0,9.0,9,9,7.0,8,8.0,8,9.0,9.0,4.0,8.0,8.0,9.0,8.0,8.0,8.0,0.0,8.0,8.0,10,10.0,10,10.0,10
R_7hRUW8QWVPjWaBP,8,8,8,8.0,8.0,10,10.0,10.0,10.0,10.0,10,10.0,10,10,10.0,10,10.0,10,10.0,10.0,10.0,10.0,10.0,10.0,10.0,10.0,10.0,10.0,10.0,10.0,10,10.0,10,10.0,10
R_3irmCSSogJ61rCp,10,10,10,9.0,10.0,4,4.0,6.0,4.0,7.0,3,7.0,5,7,10.0,2,2.0,9,6.0,5.0,8.0,7.0,9.0,10.0,10.0,8.0,10.0,10.0,10.0,10.0,10,9.0,5,3.0,7
R_54GEo6oVUabMnax,5,6,6,5.0,6.0,7,5.0,6.0,6.0,4.0,6,4.0,2,2,3.0,3,2.0,2,1.0,2.0,3.0,2.0,3.0,2.0,2.0,4.0,2.0,2.0,3.0,3.0,5,4.0,3,2.0,2
R_7KyVQhuoz3xBsZj,9,8,10,9.0,9.0,10,10.0,8.0,10.0,7.0,6,7.0,5,7,5.0,7,8.0,7,7.0,5.0,10.0,9.0,9.0,10.0,10.0,10.0,10.0,9.0,8.0,9.0,10,9.0,9,8.0,10
R_3kwN7ySaA22SJ6V,6,5,5,7.0,8.0,0,5.0,10.0,2.0,9.0,0,2.0,0,2,6.0,0,1.0,1,8.0,6.0,9.0,3.0,8.0,10.0,10.0,3.0,10.0,0.0,8.0,7.0,10,9.0,10,2.0,7
R_1SeZht6ngAfNSq5,10,10,8,9.0,9.0,10,10.0,10.0,10.0,10.0,7,8.0,10,10,10.0,10,10.0,10,4.0,10.0,10.0,10.0,10.0,10.0,10.0,10.0,10.0,8.0,2.0,7.0,10,10.0,10,10.0,10
R_3nP0j7VurSQ30UR,10,10,10,9.0,10.0,10,10.0,10.0,10.0,10.0,10,10.0,10,6,10.0,10,,10,10.0,10.0,8.0,10.0,10.0,10.0,10.0,8.0,8.0,7.0,7.0,10.0,9,9.0,10,10.0,10
R_1jcXe3APZpYeQZ4,9,9,8,9.0,9.0,8,8.0,9.0,9.0,8.0,8,9.0,9,9,9.0,8,8.0,9,9.0,9.0,8.0,8.0,8.0,8.0,9.0,8.0,9.0,9.0,9.0,9.0,7,8.0,8,8.0,9
R_5khumMPXFiXq2mN,10,10,10,10.0,10.0,10,10.0,,10.0,10.0,10,10.0,10,10,10.0,0,0.0,0,2.0,0.0,3.0,3.0,0.0,10.0,2.0,10.0,10.0,0.0,10.0,10.0,10,10.0,10,10.0,10
R_2F5IyUssVznUTws,10,10,10,8.0,7.0,6,5.0,10.0,10.0,10.0,5,7.0,7,8,6.0,5,7.0,7,10.0,5.0,7.0,8.0,10.0,10.0,8.0,6.0,8.0,8.0,10.0,6.0,4,5.0,6,5.0,3
R_7X1jQMIKoHTbgPv,10,10,10,8.0,9.0,7,8.0,8.0,8.0,9.0,9,9.0,9,10,10.0,6,6.0,8,8.0,7.0,10.0,10.0,6.0,6.0,8.0,10.0,10.0,9.0,10.0,10.0,6,10.0,10,8.0,5
R_6kSo9g1dODtQ03c,7,7,9,7.0,8.0,9,9.0,9.0,9.0,8.0,8,8.0,6,9,10.0,10,8.0,6,8.0,5.0,8.0,8.0,8.0,9.0,8.0,9.0,10.0,9.0,10.0,10.0,10,10.0,10,10.0,10
R_8iVJ1ho3Z4k8ZAq,0,0,0,0.0,0.0,2,3.0,3.0,3.0,6.0,0,4.0,0,1,0.0,0,0.0,0,0.0,0.0,3.0,3.0,4.0,2.0,3.0,6.0,5.0,4.0,6.0,2.0,8,8.0,8,9.0,6
R_5jsnI41DJqrDNQZ,7,7,7,7.0,7.0,10,10.0,10.0,10.0,10.0,7,7.0,7,7,7.0,1,1.0,1,1.0,1.0,10.0,10.0,10.0,10.0,10.0,10.0,10.0,10.0,10.0,10.0,10,10.0,10,10.0,10
R_2CK01qMaYfcChaX,7,7,7,7.0,6.0,7,7.0,7.0,7.0,6.0,4,0.0,2,0,0.0,3,3.0,3,4.0,0.0,6.0,6.0,6.0,6.0,6.0,6.0,4.0,5.0,5.0,4.0,7,7.0,7,6.0,7
R_7osZ5aSJ6UotKKt,7,7,7,7.0,8.0,7,7.0,7.0,7.0,7.0,5,5.0,5,5,5.0,4,4.0,6,6.0,3.0,4.0,,3.0,3.0,3.0,5.0,2.0,1.0,2.0,6.0,7,7.0,7,7.0,7
R_3QFXKZfW1HNB4U1,4,4,4,5.0,5.0,3,3.0,4.0,3.0,3.0,3,3.0,3,4,5.0,3,5.0,4,5.0,5.0,8.0,7.0,8.0,8.0,8.0,8.0,7.0,7.0,8.0,7.0,6,6.0,7,7.0,7
R_27vBMfv7MGk4616,7,7,7,8.0,7.0,8,9.0,8.0,7.0,7.0,5,5.0,4,4,5.0,3,3.0,4,4.0,4.0,8.0,7.0,7.0,6.0,6.0,7.0,6.0,6.0,6.0,6.0,6,6.0,7,6.0,7
R_7vVagAXmB8XUfh7,10,9,10,9.0,10.0,10,10.0,7.0,9.0,9.0,4,3.0,7,4,8.0,2,7.0,4,8.0,0.0,6.0,7.0,7.0,8.0,5.0,2.0,5.0,0.0,4.0,2.0,8,6.0,9,8.0,8
R_8YyoKugoMTn4M1z,7,8,8,7.0,8.0,2,4.0,5.0,7.0,5.0,7,8.0,8,6,7.0,9,9.0,9,8.0,8.0,8.0,7.0,7.0,9.0,10.0,10.0,9.0,7.0,10.0,9.0,7,9.0,4,8.0,8
R_1GxAvm8KltMMzxy,10,10,10,,,8,10.0,10.0,10.0,10.0,10,10.0,10,10,10.0,8,10.0,10,5.0,7.0,10.0,10.0,10.0,10.0,10.0,5.0,3.0,8.0,10.0,10.0,10,8.0,5,4.0,10
R_3QK9VzlbRCvGUNb,9,10,9,10.0,10.0,10,10.0,10.0,10.0,10.0,9,10.0,8,10,10.0,10,10.0,10,10.0,10.0,9.0,10.0,10.0,9.0,10.0,9.0,9.0,8.0,10.0,9.0,7,9.0,6,7.0,9
R_4NPATCn461mLqxu,7,6,9,3.0,10.0,10,9.0,9.0,9.0,8.0,10,10.0,10,8,10.0,7,9.0,10,8.0,9.0,6.0,7.0,8.0,5.0,7.0,9.0,10.0,4.0,6.0,7.0,8,6.0,8,8.0,10
R_8iXuu7H3nTSfYYJ,8,8,9,6.0,7.0,9,8.0,8.0,8.0,8.0,6,8.0,7,8,8.0,9,9.0,9,8.0,8.0,5.0,6.0,7.0,6.0,6.0,7.0,8.0,5.0,5.0,7.0,6,5.0,7,7.0,7
R_2wuG6IXMtnlbTvu,4,7,8,8.0,8.0,2,2.0,2.0,2.0,2.0,0,0.0,0,0,0.0,0,0.0,0,0.0,0.0,0.0,0.0,0.0,0.0,0.0,2.0,1.0,0.0,1.0,0.0,1,0.0,0,0.0,0
R_6jNtG02JTkb73U0,8,10,10,8.0,10.0,10,10.0,10.0,10.0,10.0,8,9.0,7,8,9.0,9,10.0,10,8.0,9.0,7.0,10.0,10.0,9.0,9.0,10.0,8.0,8.0,7.0,8.0,10,10.0,10,10.0,10
R_8gUQycXKMprZPFL,8,9,9,9.0,9.0,10,10.0,10.0,10.0,10.0,8,9.0,8,8,8.0,7,9.0,7,6.0,6.0,9.0,9.0,9.0,8.0,10.0,10.0,8.0,8.0,10.0,9.0,10,10.0,10,10.0,10
R_7LImanS7l4SfAir,8,7,7,6.0,8.0,8,7.0,4.0,5.0,5.0,9,4.0,3,4,6.0,5,6.0,7,5.0,8.0,7.0,7.0,7.0,7.0,8.0,8.0,8.0,7.0,8.0,9.0,8,5.0,3,6.0,8
R_3X0WlmQtw40DxaZ,7,8,9,8.0,10.0,8,6.0,8.0,7.0,8.0,7,9.0,10,6,10.0,5,4.0,8,8.0,6.0,10.0,10.0,9.0,10.0,10.0,6.0,8.0,4.0,10.0,8.0,8,7.0,9,7.0,5
R_9yY0qviKJyp5GiB,9,8,9,9.0,9.0,7,8.0,7.0,8.0,6.0,10,10.0,8,9,10.0,7,8.0,9,9.0,8.0,9.0,9.0,8.0,9.0,9.0,9.0,9.0,8.0,8.0,9.0,7,7.0,8,8.0,9
R_1RPKbY79g78GY8Z,7,8,9,8.0,9.0,9,9.0,10.0,9.0,9.0,5,8.0,6,9,9.0,8,9.0,9,10.0,10.0,8.0,9.0,8.0,9.0,9.0,9.0,8.0,7.0,9.0,10.0,9,9.0,6,10.0,5
R_1n0zaXyH6ohTTib,10,10,10,10.0,10.0,10,9.0,9.0,10.0,10.0,8,8.0,6,8,6.0,5,5.0,6,6.0,5.0,9.0,8.0,7.0,5.0,5.0,10.0,9.0,7.0,5.0,5.0,7,9.0,10,10.0,10
R_34CmpeXlVQoqBRT,10,10,10,10.0,10.0,6,10.0,10.0,10.0,10.0,3,10.0,10,10,10.0,10,10.0,10,10.0,4.0,10.0,10.0,10.0,10.0,10.0,10.0,10.0,10.0,10.0,10.0,10,10.0,10,10.0,10
R_18YCSXlA5fLl7jP,10,10,10,10.0,10.0,10,10.0,10.0,10.0,10.0,8,10.0,8,10,6.0,3,10.0,3,,0.0,7.0,7.0,0.0,8.0,8.0,3.0,8.0,0.0,2.0,8.0,1,1.0,8,5.0,7
R_3vdL508QUg6aR8p,8,6,5,7.0,9.0,8,7.0,9.0,7.0,9.0,6,7.0,8,7,4.0,8,8.0,9,9.0,8.0,8.0,9.0,9.0,7.0,9.0,9.0,7.0,9.0,8.0,6.0,10,9.0,9,10.0,7
R_3PoESucOHvYAbBO,5,5,10,10.0,2.0,3,6.0,3.0,1.0,0.0,0,0.0,0,1,0.0,0,3.0,2,0.0,0.0,6.0,7.0,4.0,5.0,9.0,0.0,3.0,1.0,4.0,10.0,10,5.0,10,10.0,10
R_7fH4Uwtn6A5kYP0,5,5,5,5.0,5.0,8,8.0,8.0,8.0,8.0,3,4.0,3,2,4.0,3,4.0,3,3.0,2.0,5.0,5.0,6.0,6.0,5.0,5.0,6.0,5.0,5.0,5.0,5,5.0,5,4.0,5
R_1mO2vkLwu78FG8x,4,3,4,5.0,3.0,5,6.0,7.0,7.0,5.0,3,5.0,2,3,3.0,4,5.0,5,4.0,3.0,4.0,5.0,2.0,2.0,3.0,7.0,5.0,5.0,6.0,6.0,5,4.0,3,4.0,5
R_5kNOul3JzyJ4xyu,7,6,8,9.0,5.0,10,10.0,10.0,10.0,10.0,10,10.0,10,10,10.0,10,10.0,10,10.0,10.0,10.0,10.0,10.0,10.0,10.0,10.0,10.0,10.0,10.0,10.0,10,10.0,10,10.0,10
R_4c9LpjNyoJ9tcKR,0,0,4,0.0,3.0,0,4.0,0.0,0.0,2.0,0,0.0,0,0,10.0,0,0.0,0,2.0,2.0,8.0,7.0,6.0,7.0,8.0,8.0,9.0,7.0,10.0,8.0,10,10.0,10,10.0,8
R_6TwA8WyH84D4kNj,10,10,10,10.0,10.0,9,10.0,10.0,10.0,10.0,8,10.0,10,10,9.0,10,10.0,10,10.0,10.0,9.0,10.0,10.0,10.0,10.0,9.0,10.0,10.0,10.0,10.0,10,10.0,10,10.0,10
R_2atwkWhB5uThaiB,9,7,6,9.0,7.0,6,7.0,5.0,4.0,4.0,5,7.0,7,6,4.0,4,6.0,6,6.0,4.0,7.0,6.0,8.0,7.0,8.0,5.0,4.0,4.0,7.0,4.0,5,3.0,2,4.0,2
R_8ijU2gc80n03bLy,10,10,10,10.0,10.0,10,10.0,8.0,7.0,9.0,6,8.0,5,6,7.0,4,6.0,5,7.0,7.0,8.0,8.0,8.0,8.0,8.0,7.0,6.0,7.0,7.0,7.0,8,8.0,8,8.0,8
R_8gu5P1JNpANUF7k,6,6,6,6.0,6.0,4,8.0,8.0,7.0,6.0,3,3.0,3,3,3.0,3,3.0,3,3.0,3.0,4.0,4.0,4.0,4.0,4.0,3.0,3.0,3.0,3.0,3.0,7,7.0,7,7.0,7
R_7JW7F9vQUpTcT7j,10,10,10,10.0,10.0,10,10.0,10.0,10.0,10.0,10,10.0,10,10,10.0,10,10.0,10,10.0,10.0,10.0,10.0,10.0,10.0,10.0,10.0,10.0,10.0,10.0,10.0,10,10.0,10,10.0,10
R_5QF8eBnBf7KdwlV,0,0,0,0.0,0.0,0,0.0,0.0,0.0,0.0,2,6.0,8,8,9.0,0,6.0,7,7.0,5.0,7.0,9.0,10.0,10.0,10.0,10.0,9.0,6.0,6.0,8.0,7,6.0,8,9.0,8
R_5PdebkDfuiyxn1A,7,7,7,7.0,7.0,7,7.0,7.0,7.0,7.0,6,7.0,7,7,7.0,6,6.0,7,7.0,5.0,8.0,8.0,8.0,8.0,8.0,8.0,7.0,6.0,7.0,7.0,7,7.0,7,9.0,7
R_4BFbOLahtq76Epz,5,5,5,5.0,5.0,3,3.0,3.0,3.0,3.0,4,4.0,4,4,4.0,6,6.0,6,6.0,6.0,8.0,8.0,8.0,8.0,8.0,10.0,9.0,6.0,9.0,9.0,10,10.0,10,10.0,10
R_2kgruKDCPJryY7L,4,4,4,4.0,4.0,3,5.0,4.0,3.0,3.0,2,2.0,2,3,4.0,3,3.0,4,5.0,3.0,6.0,6.0,6.0,5.0,6.0,4.0,3.0,3.0,5.0,3.0,3,3.0,3,3.0,3
R_5IbIANEoFkvnH9f,8,9,9,10.0,10.0,8,8.0,9.0,9.0,7.0,9,8.0,9,9,10.0,9,9.0,10,9.0,9.0,9.0,9.0,9.0,9.0,9.0,8.0,9.0,8.0,9.0,9.0,6,6.0,6,7.0,7
R_3XgCnO2PFLRTrfb,0,0,0,0.0,0.0,10,10.0,10.0,10.0,6.0,5,5.0,5,6,7.0,4,5.0,6,6.0,6.0,3.0,4.0,3.0,3.0,3.0,3.0,3.0,3.0,3.0,4.0,0,0.0,0,0.0,0
R_7JBWyQIvPN5Mn5f,9,9,9,9.0,9.0,10,10.0,10.0,10.0,10.0,7,3.0,6,4,4.0,7,7.0,8,10.0,6.0,9.0,9.0,9.0,9.0,9.0,7.0,8.0,8.0,8.0,8.0,9,8.0,8,8.0,8
R_5VpIpoJ6NLtbqud,9,7,7,8.0,6.0,7,7.0,8.0,8.0,6.0,6,8.0,6,7,5.0,8,8.0,8,9.0,7.0,7.0,8.0,6.0,6.0,8.0,8.0,6.0,8.0,7.0,7.0,6,8.0,5,10.0,5
R_8IYwikfq6sqEm14,6,8,9,9.0,7.0,6,8.0,8.0,5.0,4.0,6,4.0,6,4,5.0,6,8.0,7,7.0,6.0,7.0,7.0,4.0,4.0,6.0,4.0,5.0,6.0,5.0,4.0,3,3.0,6,5.0,7
R_6FJ7nh5uyI7mRQw,7,6,7,6.0,7.0,9,9.0,9.0,9.0,9.0,9,9.0,9,9,10.0,7,7.0,6,7.0,7.0,10.0,9.0,9.0,10.0,9.0,7.0,7.0,6.0,5.0,8.0,10,9.0,6,7.0,6
R_50SegqSp1pViEwz,9,9,9,9.0,9.0,9,9.0,9.0,9.0,9.0,9,9.0,9,9,9.0,9,9.0,9,9.0,9.0,9.0,9.0,9.0,9.0,9.0,9.0,9.0,9.0,9.0,9.0,8,10.0,10,9.0,10
R_2h9kJ0GNGHOs3JU,8,8,8,9.0,8.0,8,9.0,9.0,8.0,9.0,4,4.0,3,3,4.0,5,5.0,4,6.0,6.0,7.0,8.0,7.0,8.0,7.0,5.0,5.0,6.0,8.0,4.0,5,6.0,3,4.0,6
R_3YbOzhhZlGGdgHL,8,8,8,10.0,8.0,8,8.0,8.0,8.0,8.0,10,9.0,10,10,10.0,9,9.0,10,10.0,10.0,9.0,9.0,10.0,9.0,10.0,9.0,9.0,9.0,9.0,9.0,9,8.0,5,9.0,9
R_5JIgR9BWV3XH0CB,10,10,10,10.0,10.0,10,10.0,10.0,10.0,10.0,3,5.0,5,6,4.0,6,6.0,6,8.0,6.0,10.0,10.0,10.0,10.0,10.0,10.0,10.0,10.0,10.0,10.0,10,10.0,10,8.0,10
R_6njcVlMg90NBySB,9,7,10,10.0,7.0,10,10.0,5.0,8.0,9.0,10,,10,10,10.0,10,10.0,10,,10.0,10.0,9.0,4.0,4.0,10.0,9.0,0.0,7.0,3.0,8.0,10,6.0,9,10.0,10
R_7WUNoxTOnO6U2yJ,10,10,10,,,10,,10.0,10.0,10.0,10,10.0,10,10,10.0,0,10.0,10,10.0,10.0,10.0,10.0,10.0,10.0,10.0,10.0,10.0,10.0,10.0,10.0,10,10.0,10,10.0,10
R_3MaOrycpd4yC1P3,9,10,8,8.0,9.0,8,9.0,9.0,8.0,9.0,7,8.0,5,9,9.0,8,9.0,9,6.0,8.0,8.0,7.0,9.0,9.0,9.0,9.0,7.0,7.0,9.0,9.0,9,8.0,8,7.0,9
R_3jDQmBnrSWUklzz,0,0,3,3.0,4.0,6,5.0,7.0,8.0,5.0,0,0.0,0,0,5.0,0,0.0,5,4.0,4.0,3.0,3.0,4.0,3.0,7.0,8.0,7.0,8.0,6.0,3.0,7,8.0,0,9.0,9
R_60Iuga4Z6yL5CI8,6,3,6,8.0,8.0,7,9.0,7.0,10.0,8.0,6,8.0,8,7,9.0,9,9.0,9,8.0,10.0,10.0,10.0,10.0,10.0,10.0,10.0,6.0,10.0,6.0,5.0,6,7.0,7,8.0,9
R_3CO13leyO0zLD5W,2,0,2,1.0,1.0,0,2.0,0.0,1.0,1.0,0,2.0,2,0,2.0,0,1.0,0,1.0,1.0,2.0,2.0,2.0,1.0,2.0,2.0,1.0,3.0,3.0,3.0,2,3.0,2,2.0,0
R_9EbOzvpNpa2wilk,9,7,8,10.0,8.0,7,5.0,10.0,8.0,10.0,2,4.0,1,7,10.0,0,9.0,8,4.0,1.0,10.0,9.0,10.0,8.0,9.0,10.0,10.0,4.0,5.0,10.0,10,10.0,8,3.0,1
R_7QY9q8XilRLKstG,4,6,6,5.0,5.0,3,3.0,3.0,4.0,1.0,1,2.0,2,3,4.0,1,3.0,2,4.0,1.0,4.0,5.0,4.0,6.0,6.0,3.0,6.0,5.0,6.0,5.0,4,6.0,3,4.0,3
R_6dEk7tRbV3LaFX3,10,10,10,10.0,10.0,10,10.0,10.0,10.0,10.0,8,8.0,8,8,8.0,9,9.0,9,10.0,10.0,10.0,10.0,10.0,10.0,10.0,10.0,10.0,8.0,10.0,10.0,10,8.0,9,6.0,6
R_10qve2wOIYZYW4S,4,4,4,4.0,4.0,1,6.0,3.0,4.0,1.0,1,4.0,5,3,1.0,1,3.0,6,3.0,3.0,5.0,5.0,5.0,5.0,5.0,2.0,6.0,5.0,3.0,5.0,5,5.0,2,2.0,2
R_5Jz2BKaGz36Aacw,10,9,9,9.0,8.0,8,9.0,10.0,9.0,9.0,5,7.0,7,9,8.0,5,6.0,6,5.0,7.0,5.0,6.0,6.0,8.0,6.0,6.0,7.0,3.0,5.0,6.0,8,9.0,7,6.0,6
R_3YLBzV7SkT76JSk,10,10,10,10.0,3.0,10,10.0,10.0,10.0,10.0,0,0.0,5,0,1.0,7,5.0,0,10.0,7.0,10.0,5.0,0.0,10.0,8.0,10.0,10.0,0.0,10.0,10.0,10,10.0,10,10.0,10
R_71eIihtEmtR9l9D,10,8,9,7.0,8.0,9,9.0,7.0,8.0,9.0,6,7.0,8,9,7.0,6,7.0,8,9.0,7.0,7.0,8.0,7.0,8.0,8.0,8.0,8.0,7.0,8.0,9.0,8,8.0,10,6.0,7
R_8G5Hz6s4HL6zTeF,9,7,8,6.0,9.0,8,10.0,8.0,7.0,7.0,6,5.0,7,6,7.0,8,9.0,10,10.0,7.0,9.0,8.0,9.0,9.0,9.0,10.0,9.0,7.0,8.0,9.0,9,9.0,10,10.0,9
R_1LHegeibglA8OXo,9,9,10,10.0,9.0,6,10.0,10.0,6.0,10.0,6,8.0,8,8,8.0,5,10.0,9,9.0,8.0,9.0,9.0,10.0,8.0,10.0,9.0,9.0,10.0,9.0,8.0,9,9.0,9,10.0,8
R_1uEav9ajs52pZmh,10,9,10,10.0,9.0,7,6.0,8.0,7.0,5.0,8,8.0,6,9,8.0,7,8.0,7,7.0,8.0,6.0,8.0,9.0,10.0,10.0,9.0,8.0,5.0,5.0,8.0,9,6.0,8,10.0,9
R_6eK67Dwd9ht07GN,5,2,2,1.0,4.0,10,10.0,10.0,10.0,10.0,0,0.0,0,0,0.0,0,0.0,0,0.0,0.0,0.0,0.0,0.0,0.0,0.0,6.0,10.0,0.0,0.0,0.0,5,8.0,6,8.0,6
R_6VdM7bgsPWGt9Db,9,7,9,8.0,7.0,7,7.0,8.0,8.0,8.0,9,8.0,8,7,7.0,7,7.0,7,5.0,6.0,7.0,7.0,8.0,8.0,9.0,7.0,8.0,7.0,8.0,7.0,7,8.0,8,6.0,7
R_8LLtgLKhBNA4S3j,6,5,7,9.0,7.0,2,5.0,6.0,8.0,6.0,2,3.0,2,1,3.0,4,8.0,6,6.0,5.0,6.0,4.0,7.0,5.0,6.0,8.0,9.0,3.0,6.0,2.0,8,8.0,4,7.0,3
R_5P7FCo5BmthYc3n,8,9,7,10.0,8.0,6,10.0,5.0,10.0,8.0,5,6.0,10,10,8.0,0,10.0,0,10.0,0.0,10.0,10.0,10.0,10.0,10.0,7.0,10.0,4.0,7.0,8.0,8,9.0,9,10.0,4
R_7U4WLnLfxCUrrwt,10,6,7,4.0,10.0,1,10.0,10.0,10.0,10.0,10,10.0,10,10,10.0,10,10.0,10,10.0,10.0,10.0,10.0,8.0,8.0,9.0,9.0,10.0,6.0,9.0,8.0,10,10.0,10,0.0,10
R_3hrW82adgZcyfIX,8,7,9,10.0,7.0,10,10.0,6.0,9.0,7.0,3,4.0,2,4,5.0,1,7.0,7,2.0,1.0,1.0,3.0,4.0,1.0,2.0,3.0,3.0,5.0,6.0,3.0,2,3.0,3,3.0,3
R_3yq9w5UucqeYNt7,10,8,10,10.0,10.0,10,10.0,10.0,10.0,10.0,10,10.0,10,10,10.0,10,10.0,10,10.0,10.0,10.0,10.0,10.0,10.0,10.0,10.0,10.0,10.0,10.0,10.0,10,10.0,10,10.0,10
R_11HS9eONc56dsiZ,5,7,6,5.0,6.0,2,3.0,5.0,6.0,6.0,0,3.0,3,3,3.0,2,2.0,2,4.0,0.0,1.0,1.0,1.0,4.0,4.0,2.0,2.0,2.0,3.0,3.0,5,5.0,6,1.0,3
R_8yscByO1TQthNRh,9,8,8,8.0,8.0,9,9.0,9.0,9.0,9.0,9,9.0,9,9,9.0,9,9.0,9,9.0,9.0,8.0,9.0,9.0,8.0,7.0,8.0,9.0,9.0,8.0,9.0,3,2.0,9,0.0,10
R_8EMZWaYkigJCgSt,7,6,7,8.0,6.0,5,5.0,5.0,3.0,5.0,2,2.0,3,2,2.0,2,6.0,7,2.0,5.0,7.0,6.0,7.0,8.0,5.0,4.0,5.0,0.0,5.0,8.0,8,3.0,5,3.0,6
R_85SBT8r1IZR94am,8,9,9,7.0,9.0,10,10.0,10.0,10.0,8.0,0,4.0,7,0,3.0,6,7.0,9,9.0,8.0,10.0,10.0,10.0,8.0,10.0,10.0,4.0,7.0,3.0,0.0,0,0.0,0,0.0,0
R_8aKtbno2lglAgui,1,0,0,0.0,0.0,2,1.0,1.0,2.0,2.0,2,3.0,2,2,2.0,2,2.0,2,2.0,3.0,3.0,2.0,2.0,3.0,3.0,2.0,3.0,2.0,2.0,2.0,2,2.0,2,1.0,8
R_2JLumzHtoKQLAyC,10,10,10,10.0,10.0,10,10.0,10.0,10.0,10.0,10,10.0,10,10,10.0,10,10.0,10,10.0,10.0,10.0,10.0,10.0,10.0,10.0,10.0,10.0,10.0,10.0,10.0,10,10.0,10,10.0,10
R_2EX9dVtMIDX097K,8,9,9,9.0,6.0,9,9.0,9.0,9.0,8.0,8,10.0,9,9,9.0,9,9.0,8,9.0,8.0,9.0,8.0,9.0,8.0,9.0,10.0,8.0,8.0,7.0,7.0,8,8.0,9,8.0,9
R_1FUo0lxhNIRsf81,9,9,9,9.0,9.0,10,10.0,10.0,10.0,10.0,8,10.0,10,10,10.0,9,6.0,10,10.0,10.0,10.0,10.0,10.0,10.0,10.0,10.0,10.0,10.0,10.0,10.0,10,10.0,10,10.0,9
R_20p1bd3unHpzuKt,10,10,10,10.0,9.0,10,10.0,10.0,6.0,9.0,9,9.0,9,7,9.0,7,8.0,10,10.0,9.0,10.0,10.0,10.0,10.0,9.0,7.0,8.0,6.0,5.0,7.0,7,7.0,3,10.0,8
R_8AX1A9aMmrBx1xD,10,9,10,10.0,10.0,9,9.0,10.0,9.0,4.0,8,7.0,10,10,10.0,0,10.0,10,6.0,8.0,9.0,9.0,9.0,9.0,9.0,10.0,9.0,9.0,7.0,8.0,7,7.0,9,7.0,9
R_2CT7Frdh46f3Iur,8,8,7,8.0,6.0,8,8.0,6.0,5.0,5.0,1,2.0,3,2,2.0,1,2.0,1,2.0,2.0,7.0,6.0,7.0,7.0,7.0,8.0,6.0,8.0,8.0,7.0,5,5.0,4,6.0,5
R_2ynY01fw9XWR7LX,7,7,9,8.0,9.0,6,6.0,7.0,4.0,7.0,3,6.0,6,6,6.0,5,5.0,8,9.0,8.0,9.0,9.0,9.0,9.0,9.0,9.0,8.0,8.0,7.0,7.0,9,8.0,6,4.0,8
R_7PaZ45nY89wa57j,8,7,8,8.0,8.0,8,8.0,7.0,7.0,7.0,7,4.0,7,4,4.0,4,8.0,9,8.0,5.0,8.0,7.0,8.0,7.0,8.0,6.0,7.0,8.0,8.0,6.0,8,9.0,9,9.0,9
R_2fpGkicW4GZYeMQ,7,9,6,5.0,9.0,7,5.0,3.0,3.0,8.0,7,3.0,4,9,10.0,5,9.0,4,5.0,3.0,10.0,6.0,6.0,7.0,10.0,6.0,6.0,10.0,5.0,2.0,4,5.0,5,6.0,10
R_1DRU2225CUAvX8A,6,10,10,10.0,8.0,8,7.0,9.0,9.0,5.0,2,5.0,6,6,4.0,8,7.0,8,8.0,10.0,5.0,4.0,8.0,9.0,2.0,7.0,9.0,0.0,6.0,9.0,7,5.0,9,2.0,10
R_1y7yuYfwzbn3l1v,4,3,3,,,3,3.0,,5.0,6.0,4,3.0,4,4,5.0,4,4.0,5,7.0,4.0,5.0,5.0,4.0,4.0,6.0,7.0,4.0,8.0,6.0,7.0,7,6.0,4,10.0,5
R_1o5wjhVupQdtVNN,10,10,10,10.0,10.0,10,10.0,10.0,10.0,8.0,3,3.0,6,3,6.0,6,5.0,8,10.0,6.0,9.0,6.0,6.0,9.0,10.0,5.0,4.0,9.0,7.0,3.0,6,6.0,8,8.0,9
R_1IWBI6TTDEUPshL,10,10,10,10.0,10.0,10,10.0,10.0,10.0,10.0,5,5.0,8,8,8.0,8,8.0,10,5.0,5.0,7.0,8.0,9.0,9.0,10.0,10.0,10.0,10.0,8.0,8.0,10,10.0,10,10.0,10
R_8d6Cl3a7UGAv2x3,3,3,3,3.0,3.0,5,5.0,4.0,5.0,5.0,3,3.0,3,3,3.0,3,3.0,3,3.0,3.0,4.0,4.0,4.0,4.0,4.0,5.0,5.0,5.0,5.0,5.0,6,6.0,6,6.0,6
R_3hlrZWsERytZQnM,9,9,9,7.0,9.0,8,8.0,8.0,8.0,8.0,2,2.0,4,4,5.0,0,2.0,4,2.0,4.0,6.0,6.0,6.0,7.0,6.0,4.0,6.0,1.0,4.0,4.0,8,8.0,8,9.0,9
R_2MSDgEjV0VOkQiQ,4,5,6,8.0,7.0,3,4.0,4.0,6.0,3.0,2,4.0,5,2,6.0,6,6.0,6,7.0,1.0,6.0,6.0,5.0,6.0,7.0,6.0,7.0,1.0,6.0,2.0,5,7.0,8,0.0,6
R_3EtAPIZuJZbdnA6,9,7,8,7.0,8.0,4,7.0,9.0,5.0,4.0,3,9.0,4,7,,10,10.0,10,9.0,10.0,7.0,6.0,7.0,8.0,10.0,10.0,8.0,8.0,10.0,7.0,2,3.0,8,8.0,0
R_2riuyJmwhf7oXJw,9,6,7,10.0,5.0,10,10.0,10.0,10.0,7.0,9,7.0,10,7,9.0,4,10.0,9,7.0,8.0,7.0,9.0,10.0,9.0,10.0,10.0,8.0,7.0,8.0,9.0,8,8.0,10,10.0,10
R_8pXhj5kyayovIq4,8,5,6,8.0,7.0,3,5.0,8.0,6.0,4.0,6,7.0,7,4,6.0,6,9.0,9,6.0,4.0,6.0,6.0,5.0,6.0,7.0,5.0,6.0,8.0,6.0,9.0,9,9.0,6,8.0,6
R_8PdiFmTlm4Z4Iqw,7,7,6,7.0,7.0,6,6.0,6.0,6.0,6.0,5,5.0,6,6,6.0,6,6.0,7,7.0,6.0,7.0,7.0,7.0,7.0,7.0,7.0,6.0,7.0,7.0,7.0,6,6.0,6,6.0,6
R_833x9avNLhw0vJf,8,8,8,8.0,7.0,10,10.0,10.0,10.0,10.0,8,6.0,6,7,9.0,3,4.0,7,9.0,8.0,10.0,10.0,9.0,9.0,9.0,10.0,10.0,5.0,8.0,9.0,10,10.0,10,10.0,10
R_7JOAi7t8aKst5nL,10,5,4,7.0,5.0,4,10.0,4.0,6.0,4.0,0,0.0,2,4,4.0,0,1.0,1,0.0,0.0,6.0,4.0,7.0,8.0,6.0,8.0,6.0,0.0,4.0,10.0,10,10.0,10,10.0,10
R_1Mxw9B2tuqqHxdD,8,7,8,8.0,7.0,6,4.0,6.0,6.0,4.0,2,3.0,3,4,4.0,0,3.0,2,3.0,4.0,6.0,6.0,5.0,4.0,7.0,7.0,4.0,5.0,3.0,3.0,7,6.0,2,7.0,2
R_8JmP8A9h7cIabhn,10,10,10,9.0,9.0,9,10.0,10.0,10.0,10.0,10,8.0,10,9,10.0,10,10.0,10,10.0,10.0,10.0,10.0,10.0,10.0,7.0,9.0,9.0,10.0,9.0,10.0,9,10.0,9,8.0,10
R_1iOwDYtLXxkmu4Z,1,2,3,3.0,2.0,5,5.0,3.0,4.0,3.0,3,3.0,5,2,4.0,6,6.0,6,5.0,4.0,7.0,7.0,6.0,5.0,4.0,3.0,3.0,6.0,2.0,4.0,3,3.0,4,3.0,2
R_8lm0MOmwviVgjHU,10,10,10,10.0,10.0,10,10.0,10.0,10.0,10.0,10,10.0,10,10,10.0,8,10.0,10,10.0,10.0,10.0,10.0,10.0,10.0,10.0,10.0,10.0,10.0,10.0,10.0,10,10.0,10,10.0,10
R_6AWtFSrdggpxkaJ,7,7,9,9.0,8.0,10,8.0,9.0,10.0,6.0,7,9.0,8,8,9.0,9,10.0,10,10.0,10.0,10.0,10.0,7.0,8.0,8.0,9.0,10.0,4.0,9.0,6.0,7,9.0,7,7.0,8
R_8uHUPBl1SULNtat,7,8,8,9.0,7.0,9,10.0,10.0,10.0,10.0,8,10.0,10,8,10.0,10,10.0,10,10.0,8.0,10.0,10.0,8.0,10.0,10.0,,,,,,7,5.0,5,5.0,6
R_6iDwrWlUCGwPHXy,9,9,10,10.0,10.0,8,10.0,10.0,8.0,4.0,5,8.0,9,10,10.0,9,10.0,10,8.0,9.0,10.0,9.0,7.0,10.0,10.0,10.0,10.0,7.0,9.0,10.0,9,8.0,9,9.0,7
R_5j6uJaMdEcrEJMS,7,7,7,7.0,7.0,8,3.0,8.0,8.0,7.0,2,3.0,4,5,8.0,4,4.0,6,7.0,6.0,7.0,7.0,7.0,8.0,8.0,5.0,4.0,1.0,9.0,9.0,10,10.0,10,8.0,10
R_5wHoX3ttRiUW43g,5,5,5,5.0,5.0,7,8.0,7.0,7.0,7.0,4,5.0,5,5,7.0,6,8.0,7,3.0,3.0,7.0,6.0,9.0,7.0,5.0,7.0,9.0,2.0,5.0,7.0,6,4.0,9,5.0,8
R_1PiLrtgqgAHgbYJ,10,10,10,10.0,10.0,10,10.0,10.0,10.0,10.0,10,10.0,10,10,10.0,10,10.0,10,10.0,10.0,7.0,10.0,10.0,10.0,10.0,8.0,10.0,8.0,10.0,10.0,10,10.0,10,10.0,10
R_6smIW7YFtWsOdCQ,3,1,1,3.0,3.0,0,1.0,0.0,1.0,0.0,1,1.0,2,0,1.0,0,2.0,2,2.0,1.0,2.0,2.0,3.0,2.0,3.0,3.0,3.0,3.0,3.0,3.0,0,1.0,1,2.0,3
R_2LbtsK668RvapeF,6,6,6,7.0,8.0,6,6.0,7.0,5.0,7.0,0,0.0,1,2,2.0,3,3.0,5,7.0,7.0,6.0,6.0,8.0,8.0,6.0,8.0,9.0,7.0,9.0,9.0,7,10.0,7,2.0,9
R_8pldxKnKDimPDys,8,8,7,8.0,6.0,7,9.0,8.0,6.0,8.0,8,4.0,3,4,2.0,1,7.0,8,4.0,6.0,7.0,8.0,8.0,7.0,8.0,8.0,5.0,7.0,6.0,8.0,6,8.0,7,7.0,9
R_7cTzDfiLPQ0wBC9,8,8,8,8.0,8.0,8,8.0,8.0,8.0,8.0,8,8.0,8,8,8.0,8,8.0,8,8.0,8.0,8.0,8.0,8.0,8.0,6.0,8.0,8.0,8.0,8.0,8.0,8,8.0,8,8.0,8
R_1levP6TzI6EFeP7,9,9,10,3.0,10.0,8,9.0,10.0,9.0,10.0,9,10.0,6,7,10.0,9,10.0,10,8.0,9.0,9.0,10.0,9.0,10.0,10.0,9.0,10.0,10.0,,10.0,10,10.0,10,10.0,10
R_6QEuAAP3YqW0Th7,7,8,6,7.0,7.0,4,5.0,6.0,5.0,7.0,7,7.0,6,8,8.0,2,5.0,7,5.0,7.0,8.0,8.0,9.0,9.0,9.0,8.0,9.0,9.0,9.0,8.0,8,8.0,8,9.0,8
R_6rF4jrVpI9mVj9v,7,7,8,7.0,7.0,7,7.0,8.0,8.0,8.0,5,7.0,7,7,6.0,4,4.0,6,7.0,5.0,8.0,9.0,7.0,7.0,8.0,9.0,9.0,8.0,7.0,8.0,8,8.0,8,9.0,8
R_8Yms2EHNED6fUBP,10,10,10,10.0,10.0,10,10.0,10.0,10.0,10.0,7,7.0,5,5,5.0,6,7.0,7,6.0,6.0,8.0,9.0,9.0,10.0,9.0,10.0,9.0,9.0,10.0,10.0,9,7.0,7,8.0,8
