pcode,condition,seat,trial_order,geometric,semantic,detail,vividness,entropy,focality
participant_001,0,1,53BA74C6021,2.0,1.0,1.6666666666666667,5.0,1.0,4.333333333333333
participant_001,1,1,53BA74C6021,2.333333333333333,1.0,1.0,4.0,1.3333333333333333,5.0
participant_001,2,1,53BA74C6021,2.0,1.0,1.0,5.0,1.3333333333333333,5.0
participant_001,3,1,53BA74C6021,4.0,1.3333333333333333,2.333333333333333,3.6666666666666665,3.333333333333333,5.0
participant_001,4,1,53BA74C6021,5.0,2.0,4.666666666666667,5.0,2.333333333333333,1.0
participant_001,5,1,53BA74C6021,5.0,2.0,4.333333333333333,5.0,1.0,3.0
participant_001,6,1,53BA74C6021,1.3333333333333333,1.0,1.3333333333333333,5.0,4.0,4.666666666666667
participant_001,7,1,53BA74C6021,1.0,2.6666666666666665,1.0,4.666666666666667,1.0,2.6666666666666665
participant_001,A,1,53BA74C6021,3.0,2.6666666666666665,1.0,3.333333333333333,1.0,5.0
participant_001,B,1,53BA74C6021,5.0,1.0,1.0,1.3333333333333333,1.3333333333333333,1.0
participant_001,C,1,53BA74C6021,4.0,5.0,5.0,1.0,4.333333333333333,1.0
participant_002,0,2,53BA74C6021,2.333333333333333,2.6666666666666665,1.0,4.666666666666667,2.333333333333333,1.0
participant_002,1,2,53BA74C6021,2.6666666666666665,1.3333333333333333,1.0,5.0,5.0,1.0
participant_002,2,2,53BA74C6021,3.333333333333333,1.3333333333333333,1.6666666666666667,4.666666666666667,5.0,1.0
participant_002,3,2,53BA74C6021,1.6666666666666667,1.6666666666666667,2.0,3.6666666666666665,4.666666666666667,2.0
participant_002,4,2,53BA74C6021,2.6666666666666665,2.333333333333333,1.3333333333333333,3.333333333333333,4.333333333333333,1.0
participant_002,5,2,53BA74C6021,3.0,2.0,1.0,3.6666666666666665,4.333333333333333,1.6666666666666667
participant_002,6,2,53BA74C6021,2.333333333333333,2.0,1.0,4.0,5.0,1.0
participant_002,7,2,53BA74C6021,2.0,2.6666666666666665,1.0,3.6666666666666665,1.3333333333333333,1.0
participant_002,A,2,53BA74C6021,2.6666666666666665,2.0,1.0,3.333333333333333,5.0,1.0
participant_002,B,2,53BA74C6021,5.0,4.0,3.0,3.333333333333333,1.6666666666666667,2.0
participant_002,C,2,53BA74C6021,2.0,5.0,4.0,1.0,1.3333333333333333,1.0
participant_003,0,3,53BA74C6021,1.0,1.0,1.0,5.0,1.0,1.0
participant_003,1,3,53BA74C6021,5.0,1.0,1.0,2.0,1.0,1.0
participant_003,2,3,53BA74C6021,5.0,1.0,4.0,5.0,1.0,4.333333333333333
participant_003,3,3,53BA74C6021,5.0,1.0,2.6666666666666665,5.0,1.6666666666666667,1.0
participant_003,4,3,53BA74C6021,5.0,1.0,4.0,5.0,1.6666666666666667,4.0
participant_003,5,3,53BA74C6021,4.333333333333333,1.0,1.0,2.6666666666666665,5.0,1.0
participant_003,6,3,53BA74C6021,5.0,1.0,4.0,4.333333333333333,1.0,4.0
participant_003,7,3,53BA74C6021,1.0,1.0,1.0,4.0,1.0,1.3333333333333333
participant_003,A,3,53BA74C6021,5.0,1.0,3.0,5.0,2.333333333333333,4.0
participant_003,B,3,53BA74C6021,5.0,1.0,2.333333333333333,5.0,1.0,4.0
participant_003,C,3,53BA74C6021,1.0,5.0,4.333333333333333,5.0,1.3333333333333333,1.0
participant_004,0,1,327AB50C614,3.0,1.6666666666666667,1.6666666666666667,2.0,3.6666666666666665,1.6666666666666667
participant_004,1,1,327AB50C614,4.666666666666667,3.0,3.333333333333333,4.0,3.0,2.6666666666666665
participant_004,2,1,327AB50C614,5.0,1.6666666666666667,3.6666666666666665,3.333333333333333,4.0,2.6666666666666665
participant_004,3,1,327AB50C614,4.333333333333333,1.6666666666666667,2.6666666666666665,4.0,4.666666666666667,2.6666666666666665
participant_004,4,1,327AB50C614,5.0,3.6666666666666665,4.333333333333333,3.0,4.0,3.0
participant_004,5,1,327AB50C614,5.0,2.333333333333333,2.6666666666666665,3.333333333333333,3.333333333333333,2.333333333333333
participant_004,6,1,327AB50C614,1.6666666666666667,1.0,1.3333333333333333,2.0,4.333333333333333,1.3333333333333333
participant_004,7,1,327AB50C614,1.0,2.333333333333333,1.0,2.0,2.0,2.6666666666666665
participant_004,A,1,327AB50C614,4.666666666666667,2.333333333333333,3.333333333333333,4.333333333333333,2.6666666666666665,4.666666666666667
participant_004,B,1,327AB50C614,4.666666666666667,3.6666666666666665,2.333333333333333,4.0,2.0,2.6666666666666665
participant_004,C,1,327AB50C614,1.0,5.0,4.333333333333333,2.0,4.666666666666667,1.3333333333333333
participant_005,0,1,0AC612473B5,2.0,2.0,2.6666666666666665,4.333333333333333,2.333333333333333,5.0
participant_005,1,1,0AC612473B5,5.0,1.0,4.666666666666667,5.0,1.3333333333333333,4.666666666666667
participant_005,2,1,0AC612473B5,5.0,1.0,5.0,5.0,1.3333333333333333,1.3333333333333333
participant_005,3,1,0AC612473B5,5.0,1.0,5.0,5.0,1.0,5.0
participant_005,4,1,0AC612473B5,5.0,1.0,4.666666666666667,3.6666666666666665,1.6666666666666667,3.333333333333333
participant_005,5,1,0AC612473B5,5.0,1.0,4.666666666666667,5.0,2.333333333333333,1.0
participant_005,6,1,0AC612473B5,5.0,1.3333333333333333,3.333333333333333,4.333333333333333,2.6666666666666665,5.0
participant_005,7,1,0AC612473B5,1.0,1.0,1.0,4.0,1.0,5.0
participant_005,A,1,0AC612473B5,5.0,1.3333333333333333,4.0,4.333333333333333,1.6666666666666667,2.6666666666666665
participant_005,B,1,0AC612473B5,4.666666666666667,1.0,5.0,3.6666666666666665,2.333333333333333,1.0
participant_005,C,1,0AC612473B5,1.0,5.0,4.333333333333333,3.333333333333333,4.333333333333333,1.0
participant_006,0,2,0AC612473B5,1.0,2.0,1.3333333333333333,3.6666666666666665,1.0,3.6666666666666665
participant_006,1,2,0AC612473B5,1.6666666666666667,1.6666666666666667,1.3333333333333333,3.6666666666666665,1.0,2.6666666666666665
participant_006,2,2,0AC612473B5,4.0,3.0,4.0,4.0,2.0,2.6666666666666665
participant_006,3,2,0AC612473B5,2.6666666666666665,1.6666666666666667,2.6666666666666665,4.0,1.6666666666666667,3.333333333333333
participant_006,4,2,0AC612473B5,3.6666666666666665,1.3333333333333333,2.6666666666666665,4.333333333333333,2.0,2.333333333333333
participant_006,5,2,0AC612473B5,2.333333333333333,1.3333333333333333,2.0,4.0,1.6666666666666667,2.333333333333333
participant_006,6,2,0AC612473B5,1.3333333333333333,2.333333333333333,2.0,3.6666666666666665,1.0,4.0
participant_006,7,2,0AC612473B5,1.0,2.0,1.0,4.333333333333333,1.0,1.0
participant_006,A,2,0AC612473B5,4.666666666666667,2.333333333333333,4.0,4.333333333333333,2.0,3.6666666666666665
participant_006,B,2,0AC612473B5,3.6666666666666665,2.0,2.0,5.0,1.6666666666666667,2.6666666666666665
participant_006,C,2,0AC612473B5,1.0,5.0,4.0,3.333333333333333,2.6666666666666665,1.0
participant_007,0,3,0AC612473B5,3.6666666666666665,1.0,3.0,2.333333333333333,1.6666666666666667,3.333333333333333
participant_007,1,3,0AC612473B5,3.333333333333333,2.6666666666666665,1.3333333333333333,5.0,4.666666666666667,3.333333333333333
participant_007,2,3,0AC612473B5,3.333333333333333,4.666666666666667,3.0,5.0,4.0,2.0
participant_007,3,3,0AC612473B5,1.3333333333333333,5.0,3.6666666666666665,2.333333333333333,2.333333333333333,5.0
participant_007,4,3,0AC612473B5,5.0,2.0,2.6666666666666665,3.0,3.333333333333333,4.333333333333333
participant_007,5,3,0AC612473B5,5.0,3.6666666666666665,3.333333333333333,2.6666666666666665,4.666666666666667,1.6666666666666667
participant_007,6,3,0AC612473B5,3.6666666666666665,2.333333333333333,1.6666666666666667,4.666666666666667,4.666666666666667,1.6666666666666667
participant_007,7,3,0AC612473B5,2.333333333333333,1.0,2.6666666666666665,3.6666666666666665,2.333333333333333,4.0
participant_007,A,3,0AC612473B5,4.666666666666667,3.333333333333333,3.6666666666666665,4.0,2.0,4.666666666666667
participant_007,B,3,0AC612473B5,5.0,1.0,1.3333333333333333,5.0,1.3333333333333333,4.0
participant_007,C,3,0AC612473B5,1.3333333333333333,5.0,4.0,1.6666666666666667,3.6666666666666665,1.3333333333333333
participant_008,0,3,0B6174A5C32,2.333333333333333,1.0,2.0,3.6666666666666665,1.0,2.333333333333333
participant_008,1,3,0B6174A5C32,5.0,1.0,5.0,3.6666666666666665,1.0,2.333333333333333
participant_008,2,3,0B6174A5C32,1.0,1.0,1.0,5.0,5.0,1.0
participant_008,3,3,0B6174A5C32,2.0,1.0,1.0,5.0,5.0,3.6666666666666665
participant_008,4,3,0B6174A5C32,5.0,1.0,5.0,5.0,2.333333333333333,1.0
participant_008,5,3,0B6174A5C32,2.333333333333333,1.0,2.333333333333333,5.0,5.0,3.333333333333333
participant_008,6,3,0B6174A5C32,1.0,1.0,1.0,5.0,5.0,2.333333333333333
participant_008,7,3,0B6174A5C32,1.0,2.333333333333333,1.0,3.6666666666666665,1.0,2.333333333333333
participant_008,A,3,0B6174A5C32,2.0,1.0,1.3333333333333333,5.0,5.0,1.0
participant_008,B,3,0B6174A5C32,5.0,3.333333333333333,5.0,5.0,1.0,2.333333333333333
participant_008,C,3,0B6174A5C32,1.0,5.0,5.0,2.333333333333333,2.333333333333333,2.333333333333333
participant_009,0,1,0B6174A5C32,1.0,1.6666666666666667,1.0,5.0,2.0,4.666666666666667
participant_009,1,1,0B6174A5C32,1.0,1.0,1.0,3.6666666666666665,1.0,5.0
participant_009,2,1,0B6174A5C32,3.6666666666666665,1.0,1.3333333333333333,5.0,5.0,4.333333333333333
participant_009,3,1,0B6174A5C32,3.6666666666666665,1.0,2.333333333333333,5.0,5.0,4.333333333333333
participant_009,4,1,0B6174A5C32,5.0,1.0,5.0,5.0,3.0,3.6666666666666665
participant_009,5,1,0B6174A5C32,3.6666666666666665,1.0,1.6666666666666667,3.6666666666666665,5.0,1.0
participant_009,6,1,0B6174A5C32,5.0,1.0,1.0,3.333333333333333,5.0,1.6666666666666667
participant_009,7,1,0B6174A5C32,1.0,1.0,1.0,2.6666666666666665,1.0,2.6666666666666665
participant_009,A,1,0B6174A5C32,3.6666666666666665,1.0,1.0,4.333333333333333,4.0,4.666666666666667
participant_009,B,1,0B6174A5C32,5.0,1.0,1.3333333333333333,3.6666666666666665,1.6666666666666667,5.0
participant_009,C,1,0B6174A5C32,1.0,5.0,5.0,1.0,4.333333333333333,1.0
participant_010,0,2,0B6174A5C32,5.0,1.6666666666666667,3.0,3.333333333333333,2.0,2.333333333333333
participant_010,1,2,0B6174A5C32,5.0,1.0,2.6666666666666665,3.333333333333333,1.3333333333333333,5.0
participant_010,2,2,0B6174A5C32,4.333333333333333,1.0,3.6666666666666665,3.333333333333333,3.6666666666666665,2.0
participant_010,3,2,0B6174A5C32,5.0,1.0,4.0,4.333333333333333,4.0,2.0
participant_010,4,2,0B6174A5C32,5.0,1.3333333333333333,3.6666666666666665,4.0,4.0,4.333333333333333
participant_010,5,2,0B6174A5C32,4.0,1.0,3.6666666666666665,4.0,4.666666666666667,2.0
participant_010,6,2,0B6174A5C32,4.666666666666667,1.0,3.333333333333333,3.333333333333333,4.666666666666667,1.3333333333333333
participant_010,7,2,0B6174A5C32,2.6666666666666665,1.6666666666666667,1.3333333333333333,3.333333333333333,1.0,4.333333333333333
participant_010,A,2,0B6174A5C32,5.0,1.0,3.6666666666666665,4.333333333333333,3.0,3.6666666666666665
participant_010,B,2,0B6174A5C32,5.0,1.0,3.333333333333333,4.666666666666667,1.0,1.6666666666666667
participant_010,C,2,0B6174A5C32,1.6666666666666667,5.0,4.333333333333333,3.333333333333333,1.3333333333333333,1.0
participant_011,0,3,42A03576C1B,1.6666666666666667,1.0,1.0,4.666666666666667,1.0,2.0
participant_011,1,3,42A03576C1B,3.6666666666666665,1.0,2.6666666666666665,5.0,2.6666666666666665,3.333333333333333
participant_011,2,3,42A03576C1B,4.333333333333333,1.0,2.333333333333333,4.0,2.6666666666666665,3.6666666666666665
participant_011,3,3,42A03576C1B,5.0,1.0,1.6666666666666667,5.0,2.0,5.0
participant_011,4,3,42A03576C1B,5.0,1.3333333333333333,2.333333333333333,4.666666666666667,3.333333333333333,4.0
participant_011,5,3,42A03576C1B,5.0,1.0,2.0,5.0,2.0,5.0
participant_011,6,3,42A03576C1B,4.666666666666667,1.0,2.0,5.0,1.3333333333333333,5.0
participant_011,7,3,42A03576C1B,1.3333333333333333,1.3333333333333333,1.0,4.0,1.0,4.0
participant_011,A,3,42A03576C1B,3.333333333333333,1.0,1.0,4.666666666666667,2.0,5.0
participant_011,B,3,42A03576C1B,5.0,1.0,1.0,3.6666666666666665,1.0,3.333333333333333
participant_011,C,3,42A03576C1B,1.0,4.666666666666667,5.0,1.3333333333333333,3.333333333333333,3.0
participant_012,0,1,42A03576C1B,1.0,1.0,1.6666666666666667,2.0,1.0,4.666666666666667
participant_012,1,1,42A03576C1B,3.333333333333333,1.3333333333333333,2.0,3.6666666666666665,1.6666666666666667,4.666666666666667
participant_012,2,1,42A03576C1B,3.6666666666666665,1.0,4.0,4.666666666666667,3.0,4.333333333333333
participant_012,3,1,42A03576C1B,4.0,1.6666666666666667,3.333333333333333,3.0,1.0,1.6666666666666667
participant_012,4,1,42A03576C1B,5.0,1.3333333333333333,5.0,3.6666666666666665,2.333333333333333,4.0
participant_012,5,1,42A03576C1B,4.666666666666667,1.0,3.333333333333333,5.0,2.0,4.666666666666667
participant_012,6,1,42A03576C1B,4.666666666666667,1.3333333333333333,4.0,4.666666666666667,3.6666666666666665,3.333333333333333
participant_012,7,1,42A03576C1B,1.0,2.333333333333333,1.0,5.0,1.0,3.333333333333333
participant_012,A,1,42A03576C1B,3.6666666666666665,1.0,2.333333333333333,2.0,1.6666666666666667,5.0
participant_012,B,1,42A03576C1B,5.0,1.3333333333333333,1.6666666666666667,4.333333333333333,1.6666666666666667,2.0
participant_012,C,1,42A03576C1B,2.333333333333333,5.0,4.333333333333333,2.6666666666666665,3.333333333333333,2.0
participant_013,0,2,42A03576C1B,5.0,1.0,1.0,5.0,1.3333333333333333,4.0
participant_013,1,2,42A03576C1B,5.0,1.0,2.6666666666666665,4.333333333333333,2.333333333333333,2.6666666666666665
participant_013,2,2,42A03576C1B,5.0,1.0,2.6666666666666665,3.333333333333333,3.0,3.6666666666666665
participant_013,3,2,42A03576C1B,5.0,1.0,2.333333333333333,4.333333333333333,2.333333333333333,3.6666666666666665
participant_013,4,2,42A03576C1B,5.0,1.0,3.333333333333333,4.666666666666667,1.6666666666666667,3.6666666666666665
participant_013,5,2,42A03576C1B,3.0,2.333333333333333,2.0,4.0,3.0,3.6666666666666665
participant_013,6,2,42A03576C1B,4.666666666666667,1.0,2.333333333333333,3.6666666666666665,1.6666666666666667,4.0
participant_013,7,2,42A03576C1B,1.0,1.0,1.0,4.0,1.0,2.333333333333333
participant_013,A,2,42A03576C1B,5.0,1.0,2.0,4.0,1.0,3.6666666666666665
participant_013,B,2,42A03576C1B,4.666666666666667,1.0,2.0,4.0,1.0,3.0
participant_013,C,2,42A03576C1B,1.0,4.0,3.333333333333333,4.666666666666667,3.0,1.6666666666666667
participant_014,0,1,3276CB5A140,3.6666666666666665,2.333333333333333,1.0,1.0,1.0,3.6666666666666665
participant_014,1,1,3276CB5A140,5.0,1.0,2.333333333333333,2.333333333333333,5.0,2.333333333333333
participant_014,2,1,3276CB5A140,4.666666666666667,1.0,2.0,2.333333333333333,4.0,5.0
participant_014,3,1,3276CB5A140,5.0,1.0,1.6666666666666667,2.0,3.333333333333333,2.333333333333333
participant_014,4,1,3276CB5A140,5.0,2.333333333333333,5.0,5.0,1.0,3.6666666666666665
participant_014,5,1,3276CB5A140,5.0,2.0,1.6666666666666667,4.666666666666667,4.666666666666667,3.333333333333333
participant_014,6,1,3276CB5A140,3.6666666666666665,1.0,2.0,2.0,5.0,2.6666666666666665
participant_014,7,1,3276CB5A140,1.0,2.0,1.0,1.0,1.0,1.0
participant_014,A,1,3276CB5A140,5.0,2.333333333333333,5.0,5.0,3.333333333333333,4.666666666666667
participant_014,B,1,3276CB5A140,5.0,2.333333333333333,5.0,4.333333333333333,1.0,2.6666666666666665
participant_014,C,1,3276CB5A140,1.0,5.0,5.0,1.0,2.333333333333333,1.0
participant_015,0,3,3276CB5A140,1.0,1.0,1.0,5.0,2.333333333333333,2.333333333333333
participant_015,1,3,3276CB5A140,2.333333333333333,5.0,3.0,2.6666666666666665,2.333333333333333,1.0
participant_015,2,3,3276CB5A140,3.0,1.0,2.0,4.333333333333333,5.0,2.333333333333333
participant_015,3,3,3276CB5A140,5.0,1.0,4.333333333333333,3.333333333333333,3.0,3.6666666666666665
participant_015,4,3,3276CB5A140,4.666666666666667,1.6666666666666667,4.666666666666667,4.666666666666667,3.6666666666666665,4.333333333333333
participant_015,5,3,3276CB5A140,5.0,1.0,4.333333333333333,4.0,5.0,1.0
participant_015,6,3,3276CB5A140,4.333333333333333,4.333333333333333,4.333333333333333,4.0,2.333333333333333,2.333333333333333
participant_015,7,3,3276CB5A140,1.0,3.0,1.0,5.0,1.0,3.0
participant_015,A,3,3276CB5A140,5.0,1.0,4.0,4.0,3.6666666666666665,2.333333333333333
participant_015,B,3,3276CB5A140,4.666666666666667,3.0,1.0,5.0,1.0,2.0
participant_015,C,3,3276CB5A140,2.0,5.0,4.333333333333333,1.6666666666666667,3.6666666666666665,1.0
participant_016,0,2,3276CB5A140,5.0,5.0,5.0,4.0,1.0,1.0
participant_016,1,2,3276CB5A140,5.0,3.6666666666666665,5.0,3.6666666666666665,1.0,1.3333333333333333
participant_016,2,2,3276CB5A140,5.0,1.0,4.333333333333333,3.6666666666666665,1.0,1.0
participant_016,3,2,3276CB5A140,5.0,1.0,5.0,3.6666666666666665,1.0,2.333333333333333
participant_016,4,2,3276CB5A140,5.0,3.0,5.0,3.6666666666666665,3.333333333333333,1.0
participant_016,5,2,3276CB5A140,3.6666666666666665,1.3333333333333333,3.6666666666666665,3.6666666666666665,1.6666666666666667,2.333333333333333
participant_016,6,2,3276CB5A140,1.3333333333333333,3.333333333333333,2.333333333333333,3.6666666666666665,1.0,1.0
participant_016,7,2,3276CB5A140,1.0,1.0,1.0,1.3333333333333333,1.0,1.6666666666666667
participant_016,A,2,3276CB5A140,5.0,3.0,5.0,3.6666666666666665,1.0,1.3333333333333333
participant_016,B,2,3276CB5A140,5.0,3.333333333333333,3.0,5.0,1.0,1.3333333333333333
participant_016,C,2,3276CB5A140,1.0,5.0,4.666666666666667,2.6666666666666665,3.0,1.0
participant_017,0,1,7A6450231BC,1.0,1.6666666666666667,1.0,4.333333333333333,1.0,1.0
participant_017,1,1,7A6450231BC,1.0,1.0,1.0,2.6666666666666665,1.0,3.0
participant_017,2,1,7A6450231BC,5.0,1.0,1.0,3.0,3.6666666666666665,4.0
participant_017,3,1,7A6450231BC,5.0,1.0,3.333333333333333,4.333333333333333,3.333333333333333,3.333333333333333
participant_017,4,1,7A6450231BC,5.0,1.0,1.0,4.0,2.0,4.0
participant_017,5,1,7A6450231BC,5.0,1.0,1.0,4.0,1.6666666666666667,2.6666666666666665
participant_017,6,1,7A6450231BC,5.0,1.0,1.0,3.333333333333333,1.3333333333333333,1.6666666666666667
participant_017,7,1,7A6450231BC,1.0,1.0,1.0,4.333333333333333,1.0,1.0
participant_017,A,1,7A6450231BC,3.6666666666666665,1.0,1.0,4.0,1.0,2.0
participant_017,B,1,7A6450231BC,5.0,1.0,1.0,3.333333333333333,1.0,4.666666666666667
participant_017,C,1,7A6450231BC,1.6666666666666667,4.666666666666667,2.6666666666666665,2.6666666666666665,4.666666666666667,1.0
participant_018,0,3,7A6450231BC,1.3333333333333333,3.0,2.0,5.0,1.0,5.0
participant_018,1,3,7A6450231BC,3.6666666666666665,4.333333333333333,3.0,5.0,1.0,2.6666666666666665
participant_018,2,3,7A6450231BC,5.0,3.6666666666666665,5.0,5.0,3.6666666666666665,5.0
participant_018,3,3,7A6450231BC,5.0,3.0,5.0,5.0,3.6666666666666665,4.333333333333333
participant_018,4,3,7A6450231BC,5.0,2.333333333333333,5.0,5.0,1.0,5.0
participant_018,5,3,7A6450231BC,5.0,1.6666666666666667,5.0,5.0,2.333333333333333,1.0
participant_018,6,3,7A6450231BC,3.6666666666666665,1.6666666666666667,1.6666666666666667,3.6666666666666665,1.0,5.0
participant_018,7,3,7A6450231BC,1.0,1.6666666666666667,1.0,4.0,1.0,2.333333333333333
participant_018,A,3,7A6450231BC,5.0,2.0,1.6666666666666667,5.0,1.0,5.0
participant_018,B,3,7A6450231BC,5.0,5.0,1.0,5.0,1.0,5.0
participant_018,C,3,7A6450231BC,3.6666666666666665,5.0,5.0,2.333333333333333,5.0,1.0
participant_019,0,2,7A6450231BC,1.0,1.3333333333333333,1.0,5.0,1.0,2.333333333333333
participant_019,1,2,7A6450231BC,1.0,1.0,1.0,5.0,2.333333333333333,2.333333333333333
participant_019,2,2,7A6450231BC,1.0,1.0,1.0,5.0,2.0,1.6666666666666667
participant_019,3,2,7A6450231BC,4.0,1.3333333333333333,3.333333333333333,4.666666666666667,1.6666666666666667,3.0
participant_019,4,2,7A6450231BC,1.0,1.0,1.0,5.0,2.0,1.0
participant_019,5,2,7A6450231BC,3.0,1.3333333333333333,2.333333333333333,5.0,2.0,2.6666666666666665
participant_019,6,2,7A6450231BC,1.0,1.0,1.0,5.0,3.0,2.333333333333333
participant_019,7,2,7A6450231BC,3.0,1.6666666666666667,1.0,5.0,1.0,3.6666666666666665
participant_019,A,2,7A6450231BC,2.0,1.3333333333333333,2.0,5.0,2.333333333333333,4.333333333333333
participant_019,B,2,7A6450231BC,5.0,1.0,2.0,5.0,1.0,2.6666666666666665
participant_019,C,2,7A6450231BC,1.0,4.0,3.6666666666666665,2.6666666666666665,2.6666666666666665,1.6666666666666667
participant_020,0,3,21B70365C4A,2.0,1.0,1.3333333333333333,2.333333333333333,3.6666666666666665,1.6666666666666667
participant_020,1,3,21B70365C4A,1.6666666666666667,1.0,1.3333333333333333,2.0,5.0,1.6666666666666667
participant_020,2,3,21B70365C4A,4.666666666666667,1.0,2.333333333333333,1.6666666666666667,4.666666666666667,2.0
participant_020,3,3,21B70365C4A,4.333333333333333,1.0,3.0,2.0,2.0,3.0
participant_020,4,3,21B70365C4A,5.0,1.0,2.0,2.6666666666666665,4.666666666666667,1.0
participant_020,5,3,21B70365C4A,3.0,1.0,1.0,3.333333333333333,4.666666666666667,1.0
participant_020,6,3,21B70365C4A,2.6666666666666665,1.0,1.6666666666666667,2.0,4.666666666666667,1.6666666666666667
participant_020,7,3,21B70365C4A,1.6666666666666667,1.0,1.0,1.6666666666666667,2.333333333333333,1.6666666666666667
participant_020,A,3,21B70365C4A,3.6666666666666665,1.0,1.0,2.6666666666666665,4.666666666666667,1.3333333333333333
participant_020,B,3,21B70365C4A,5.0,1.3333333333333333,2.6666666666666665,4.333333333333333,1.3333333333333333,3.0
participant_020,C,3,21B70365C4A,1.0,4.666666666666667,4.333333333333333,1.0,1.3333333333333333,1.0
participant_021,0,1,21B70365C4A,3.333333333333333,1.0,1.3333333333333333,4.333333333333333,2.333333333333333,4.333333333333333
participant_021,1,1,21B70365C4A,2.6666666666666665,1.0,1.0,5.0,2.333333333333333,3.333333333333333
participant_021,2,1,21B70365C4A,5.0,1.3333333333333333,2.6666666666666665,2.6666666666666665,2.0,3.6666666666666665
participant_021,3,1,21B70365C4A,5.0,1.3333333333333333,2.6666666666666665,3.333333333333333,2.0,2.0
participant_021,4,1,21B70365C4A,5.0,1.0,4.333333333333333,5.0,2.333333333333333,2.6666666666666665
participant_021,5,1,21B70365C4A,5.0,1.0,4.0,5.0,3.0,4.0
participant_021,6,1,21B70365C4A,4.0,1.0,2.333333333333333,4.0,3.6666666666666665,2.0
participant_021,7,1,21B70365C4A,1.3333333333333333,1.6666666666666667,1.0,5.0,1.0,1.3333333333333333
participant_021,A,1,21B70365C4A,3.333333333333333,1.0,2.333333333333333,5.0,4.0,3.0
participant_021,B,1,21B70365C4A,4.333333333333333,1.0,1.6666666666666667,2.6666666666666665,1.0,3.0
participant_021,C,1,21B70365C4A,2.0,4.666666666666667,4.666666666666667,2.0,3.6666666666666665,1.0
participant_022,0,2,21B70365C4A,2.6666666666666665,1.0,1.0,2.0,2.0,4.666666666666667
participant_022,1,2,21B70365C4A,2.0,1.0,1.0,2.0,2.333333333333333,5.0
participant_022,2,2,21B70365C4A,5.0,1.0,2.0,1.3333333333333333,3.0,3.6666666666666665
participant_022,3,2,21B70365C4A,5.0,1.0,2.0,1.6666666666666667,2.333333333333333,1.6666666666666667
participant_022,4,2,21B70365C4A,3.0,1.0,1.0,2.333333333333333,3.6666666666666665,1.3333333333333333
participant_022,5,2,21B70365C4A,2.0,1.0,1.0,1.0,2.333333333333333,1.0
participant_022,6,2,21B70365C4A,3.333333333333333,1.0,1.0,1.3333333333333333,3.333333333333333,1.0
participant_022,7,2,21B70365C4A,1.0,1.0,1.0,3.0,2.6666666666666665,1.0
participant_022,A,2,21B70365C4A,1.6666666666666667,1.0,1.0,2.0,4.333333333333333,1.3333333333333333
participant_022,B,2,21B70365C4A,5.0,1.0,2.0,4.666666666666667,1.0,2.333333333333333
participant_022,C,2,21B70365C4A,1.3333333333333333,5.0,4.0,1.0,3.0,2.0
participant_023,0,3,5B7AC406231,2.333333333333333,1.0,1.0,3.6666666666666665,1.3333333333333333,1.0
participant_023,1,3,5B7AC406231,1.6666666666666667,1.0,2.6666666666666665,5.0,2.0,1.6666666666666667
participant_023,2,3,5B7AC406231,4.333333333333333,1.0,3.0,4.333333333333333,4.666666666666667,3.0
participant_023,3,3,5B7AC406231,3.6666666666666665,1.0,4.666666666666667,5.0,4.0,1.3333333333333333
participant_023,4,3,5B7AC406231,3.6666666666666665,1.0,2.6666666666666665,3.6666666666666665,4.666666666666667,3.333333333333333
participant_023,5,3,5B7AC406231,4.333333333333333,3.333333333333333,2.333333333333333,4.666666666666667,2.333333333333333,3.0
participant_023,6,3,5B7AC406231,4.666666666666667,1.0,3.333333333333333,5.0,5.0,2.6666666666666665
participant_023,7,3,5B7AC406231,1.0,3.6666666666666665,1.0,3.0,1.0,1.0
participant_023,A,3,5B7AC406231,4.666666666666667,1.0,4.333333333333333,3.6666666666666665,3.333333333333333,3.6666666666666665
participant_023,B,3,5B7AC406231,4.666666666666667,2.333333333333333,2.6666666666666665,5.0,1.6666666666666667,1.0
participant_023,C,3,5B7AC406231,1.0,5.0,5.0,2.333333333333333,4.0,1.0
participant_024,0,1,5B7AC406231,1.0,1.0,1.0,2.6666666666666665,2.0,1.0
participant_024,1,1,5B7AC406231,2.0,1.0,1.0,3.0,2.0,1.0
participant_024,2,1,5B7AC406231,3.0,1.0,1.0,3.0,4.666666666666667,1.0
participant_024,3,1,5B7AC406231,3.333333333333333,1.0,1.0,4.666666666666667,4.666666666666667,3.6666666666666665
participant_024,4,1,5B7AC406231,4.666666666666667,1.0,1.0,3.0,4.0,3.0
participant_024,5,1,5B7AC406231,4.333333333333333,1.3333333333333333,1.0,2.0,3.0,3.6666666666666665
participant_024,6,1,5B7AC406231,3.0,1.0,1.0,2.0,3.6666666666666665,1.3333333333333333
participant_024,7,1,5B7AC406231,1.0,1.0,1.0,2.0,2.333333333333333,1.0
participant_024,A,1,5B7AC406231,4.666666666666667,1.0,1.0,2.6666666666666665,5.0,2.6666666666666665
participant_024,B,1,5B7AC406231,5.0,1.0,1.0,1.6666666666666667,1.6666666666666667,4.0
participant_024,C,1,5B7AC406231,2.0,4.666666666666667,2.6666666666666665,1.3333333333333333,3.0,1.0
participant_025,0,2,5B7AC406231,3.333333333333333,2.0,1.0,4.333333333333333,1.6666666666666667,3.6666666666666665
participant_025,1,2,5B7AC406231,4.0,1.6666666666666667,3.6666666666666665,4.666666666666667,1.6666666666666667,4.666666666666667
participant_025,2,2,5B7AC406231,4.333333333333333,1.6666666666666667,4.0,5.0,1.3333333333333333,4.666666666666667
participant_025,3,2,5B7AC406231,3.6666666666666665,1.0,2.6666666666666665,5.0,4.333333333333333,1.6666666666666667
participant_025,4,2,5B7AC406231,4.666666666666667,1.0,4.0,4.666666666666667,1.3333333333333333,5.0
participant_025,5,2,5B7AC406231,3.333333333333333,1.3333333333333333,2.333333333333333,4.666666666666667,1.6666666666666667,4.666666666666667
participant_025,6,2,5B7AC406231,4.666666666666667,1.3333333333333333,4.0,5.0,3.0,4.333333333333333
participant_025,7,2,5B7AC406231,1.0,1.0,1.0,2.6666666666666665,1.0,2.6666666666666665
participant_025,A,2,5B7AC406231,4.0,1.6666666666666667,3.0,5.0,3.333333333333333,1.3333333333333333
participant_025,B,2,5B7AC406231,4.333333333333333,1.3333333333333333,1.3333333333333333,3.333333333333333,1.0,3.6666666666666665
participant_025,C,2,5B7AC406231,2.0,5.0,2.333333333333333,1.3333333333333333,2.333333333333333,2.333333333333333
participant_026,0,3,7650CB32A41,3.0,2.6666666666666665,1.0,4.333333333333333,2.333333333333333,5.0
participant_026,4,3,7650CB32A41,5.0,1.0,3.0,4.333333333333333,4.666666666666667,2.333333333333333
participant_026,2,3,7650CB32A41,2.333333333333333,1.3333333333333333,1.3333333333333333,3.6666666666666665,5.0,4.666666666666667
participant_026,3,3,7650CB32A41,4.0,1.6666666666666667,3.333333333333333,3.6666666666666665,5.0,4.666666666666667
participant_026,1,3,7650CB32A41,3.0,1.6666666666666667,1.3333333333333333,5.0,3.333333333333333,3.6666666666666665
participant_026,5,3,7650CB32A41,5.0,1.0,3.333333333333333,3.333333333333333,5.0,4.333333333333333
participant_026,6,3,7650CB32A41,3.6666666666666665,1.6666666666666667,3.0,4.0,5.0,3.0
participant_026,7,3,7650CB32A41,2.6666666666666665,1.6666666666666667,1.0,2.0,3.333333333333333,4.333333333333333
participant_026,A,3,7650CB32A41,2.333333333333333,1.3333333333333333,1.6666666666666667,4.0,3.333333333333333,4.666666666666667
participant_026,B,3,7650CB32A41,4.666666666666667,1.6666666666666667,1.6666666666666667,3.333333333333333,2.0,3.0
participant_026,C,3,7650CB32A41,2.6666666666666665,5.0,5.0,2.333333333333333,5.0,1.0
participant_027,0,1,7650CB32A41,2.333333333333333,1.6666666666666667,1.0,3.333333333333333,1.0,4.0
participant_027,4,1,7650CB32A41,5.0,3.333333333333333,4.666666666666667,5.0,4.333333333333333,3.0
participant_027,2,1,7650CB32A41,5.0,1.0,5.0,4.0,4.666666666666667,4.666666666666667
participant_027,3,1,7650CB32A41,4.666666666666667,1.3333333333333333,5.0,4.666666666666667,5.0,1.0
participant_027,1,1,7650CB32A41,5.0,2.6666666666666665,5.0,5.0,1.6666666666666667,4.333333333333333
participant_027,5,1,7650CB32A41,4.333333333333333,2.0,3.6666666666666665,4.666666666666667,5.0,2.333333333333333
participant_027,6,1,7650CB32A41,5.0,1.3333333333333333,4.333333333333333,4.0,2.6666666666666665,3.333333333333333
participant_027,7,1,7650CB32A41,1.0,2.0,1.3333333333333333,4.666666666666667,1.0,3.6666666666666665
participant_027,A,1,7650CB32A41,5.0,2.333333333333333,2.0,4.666666666666667,1.6666666666666667,1.3333333333333333
participant_027,B,1,7650CB32A41,5.0,1.0,1.0,4.333333333333333,1.0,5.0
participant_027,C,1,7650CB32A41,1.3333333333333333,5.0,5.0,2.6666666666666665,3.0,1.3333333333333333
participant_028,0,2,7650CB32A41,1.6666666666666667,1.0,1.0,5.0,1.0,3.6666666666666665
participant_028,4,2,7650CB32A41,5.0,1.0,2.0,4.0,3.333333333333333,1.3333333333333333
participant_028,2,2,7650CB32A41,4.0,1.0,2.6666666666666665,4.0,3.0,3.6666666666666665
participant_028,3,2,7650CB32A41,5.0,1.0,3.0,4.333333333333333,5.0,1.3333333333333333
participant_028,1,2,7650CB32A41,3.333333333333333,1.0,1.3333333333333333,5.0,2.0,4.666666666666667
participant_028,5,2,7650CB32A41,5.0,1.6666666666666667,3.0,4.666666666666667,5.0,2.333333333333333
participant_028,6,2,7650CB32A41,5.0,1.0,2.6666666666666665,3.6666666666666665,5.0,1.3333333333333333
participant_028,7,2,7650CB32A41,1.0,1.0,1.3333333333333333,3.333333333333333,1.0,2.0
participant_028,A,2,7650CB32A41,1.0,3.0,1.0,5.0,1.0,5.0
participant_028,B,2,7650CB32A41,5.0,1.0,1.6666666666666667,5.0,1.0,2.6666666666666665
participant_028,C,2,7650CB32A41,1.0,5.0,4.333333333333333,1.6666666666666667,5.0,1.0
participant_029,0,2,7AC0156243B,1.0,1.0,1.0,5.0,1.0,4.0
participant_029,1,2,7AC0156243B,4.333333333333333,1.0,2.0,5.0,2.6666666666666665,5.0
participant_029,2,2,7AC0156243B,3.0,1.0,1.6666666666666667,5.0,3.333333333333333,1.0
participant_029,3,2,7AC0156243B,5.0,1.0,2.6666666666666665,5.0,2.333333333333333,5.0
participant_029,4,2,7AC0156243B,4.0,1.0,2.0,5.0,2.333333333333333,5.0
participant_029,5,2,7AC0156243B,5.0,2.0,2.333333333333333,5.0,2.0,4.666666666666667
participant_029,6,2,7AC0156243B,4.333333333333333,1.0,2.6666666666666665,5.0,4.0,2.6666666666666665
participant_029,7,2,7AC0156243B,1.3333333333333333,1.6666666666666667,1.0,4.666666666666667,2.333333333333333,2.333333333333333
participant_029,A,2,7AC0156243B,5.0,1.0,3.0,3.6666666666666665,2.6666666666666665,3.333333333333333
participant_029,B,2,7AC0156243B,5.0,1.0,1.0,5.0,1.0,4.333333333333333
participant_029,C,2,7AC0156243B,2.0,5.0,5.0,1.0,3.6666666666666665,1.0
participant_030,0,3,7AC0156243B,2.333333333333333,1.0,2.333333333333333,3.6666666666666665,1.0,1.0
participant_030,1,3,7AC0156243B,3.0,1.0,2.333333333333333,3.6666666666666665,2.0,2.0
participant_030,2,3,7AC0156243B,3.0,1.3333333333333333,2.333333333333333,4.333333333333333,5.0,3.333333333333333
participant_030,3,3,7AC0156243B,4.333333333333333,1.0,2.6666666666666665,4.0,4.333333333333333,1.0
participant_030,4,3,7AC0156243B,4.333333333333333,1.0,3.0,3.333333333333333,2.0,2.6666666666666665
participant_030,5,3,7AC0156243B,3.6666666666666665,1.0,2.6666666666666665,4.333333333333333,1.6666666666666667,3.333333333333333
participant_030,6,3,7AC0156243B,4.333333333333333,1.0,2.333333333333333,3.6666666666666665,1.3333333333333333,2.6666666666666665
participant_030,7,3,7AC0156243B,1.0,1.0,2.333333333333333,5.0,1.0,1.0
participant_030,A,3,7AC0156243B,5.0,1.0,2.0,4.333333333333333,3.333333333333333,1.0
participant_030,B,3,7AC0156243B,4.666666666666667,1.0,2.6666666666666665,4.666666666666667,2.0,1.3333333333333333
participant_030,C,3,7AC0156243B,1.3333333333333333,5.0,3.6666666666666665,5.0,4.666666666666667,1.0
participant_031,0,1,7AC0156243B,3.0,1.0,2.0,2.0,2.6666666666666665,3.6666666666666665
participant_031,1,1,7AC0156243B,3.6666666666666665,1.0,1.6666666666666667,2.333333333333333,5.0,1.6666666666666667
participant_031,2,1,7AC0156243B,3.6666666666666665,1.0,2.333333333333333,3.6666666666666665,5.0,1.6666666666666667
participant_031,3,1,7AC0156243B,4.333333333333333,1.0,2.0,3.6666666666666665,5.0,1.0
participant_031,4,1,7AC0156243B,4.0,1.0,2.0,2.333333333333333,5.0,2.333333333333333
participant_031,5,1,7AC0156243B,4.0,1.0,2.0,2.6666666666666665,4.666666666666667,2.333333333333333
participant_031,6,1,7AC0156243B,1.0,1.3333333333333333,1.0,2.333333333333333,4.0,2.333333333333333
participant_031,7,1,7AC0156243B,2.6666666666666665,1.3333333333333333,1.0,2.0,3.6666666666666665,1.6666666666666667
participant_031,A,1,7AC0156243B,3.333333333333333,1.6666666666666667,3.333333333333333,2.6666666666666665,5.0,1.6666666666666667
participant_031,B,1,7AC0156243B,4.333333333333333,2.333333333333333,3.0,5.0,1.0,3.333333333333333
participant_031,C,1,7AC0156243B,2.333333333333333,5.0,5.0,4.333333333333333,4.666666666666667,1.0
participant_032,0,2,2C317405B6A,2.333333333333333,1.0,1.0,5.0,1.0,1.0
participant_032,1,2,2C317405B6A,2.333333333333333,1.0,1.0,4.666666666666667,1.0,1.0
participant_032,2,2,2C317405B6A,5.0,1.0,3.0,3.6666666666666665,4.333333333333333,2.333333333333333
participant_032,3,2,2C317405B6A,4.666666666666667,1.0,2.0,4.333333333333333,2.0,3.333333333333333
participant_032,4,2,2C317405B6A,5.0,2.0,2.0,4.333333333333333,2.0,2.0
participant_032,5,2,2C317405B6A,4.0,2.0,2.0,2.0,1.3333333333333333,5.0
participant_032,6,2,2C317405B6A,1.0,2.0,1.0,5.0,1.0,3.333333333333333
participant_032,7,2,2C317405B6A,1.0,1.6666666666666667,1.0,4.0,1.0,1.0
participant_032,A,2,2C317405B6A,4.333333333333333,1.6666666666666667,1.6666666666666667,3.333333333333333,4.666666666666667,1.0
participant_032,B,2,2C317405B6A,5.0,2.0,1.0,4.666666666666667,1.0,3.0
participant_032,C,2,2C317405B6A,1.0,5.0,4.666666666666667,3.333333333333333,3.333333333333333,1.0
participant_033,0,1,2C317405B6A,3.0,1.0,1.0,4.666666666666667,1.0,2.333333333333333
participant_033,1,1,2C317405B6A,3.0,1.0,1.0,5.0,1.0,5.0
participant_033,2,1,2C317405B6A,5.0,1.3333333333333333,1.0,3.333333333333333,2.6666666666666665,3.0
participant_033,3,1,2C317405B6A,5.0,1.3333333333333333,1.0,5.0,3.0,2.6666666666666665
participant_033,4,1,2C317405B6A,5.0,1.0,2.0,4.666666666666667,4.666666666666667,1.6666666666666667
participant_033,5,1,2C317405B6A,5.0,1.0,2.0,5.0,2.6666666666666665,4.0
participant_033,6,1,2C317405B6A,4.0,1.0,1.0,4.0,3.6666666666666665,2.6666666666666665
participant_033,7,1,2C317405B6A,1.0,1.0,1.0,3.6666666666666665,1.0,1.0
participant_033,A,1,2C317405B6A,4.0,1.0,1.0,4.0,4.666666666666667,2.6666666666666665
participant_033,B,1,2C317405B6A,5.0,1.3333333333333333,2.333333333333333,1.3333333333333333,1.0,2.6666666666666665
participant_033,C,1,2C317405B6A,1.0,5.0,4.0,1.0,2.333333333333333,1.6666666666666667
participant_034,0,3,2C317405B6A,1.0,1.0,1.0,4.333333333333333,1.0,2.333333333333333
participant_034,1,3,2C317405B6A,2.333333333333333,1.0,1.0,3.6666666666666665,1.0,5.0
participant_034,2,3,2C317405B6A,4.333333333333333,2.333333333333333,3.6666666666666665,3.0,2.6666666666666665,3.0
participant_034,3,3,2C317405B6A,4.666666666666667,2.0,3.6666666666666665,4.333333333333333,5.0,3.0
participant_034,4,3,2C317405B6A,5.0,1.0,5.0,5.0,5.0,3.333333333333333
participant_034,5,3,2C317405B6A,5.0,1.0,5.0,5.0,4.666666666666667,1.0
participant_034,6,3,2C317405B6A,5.0,1.0,5.0,5.0,5.0,5.0
participant_034,7,3,2C317405B6A,1.0,1.0,1.0,5.0,1.0,2.333333333333333
participant_034,A,3,2C317405B6A,3.0,1.0,1.0,2.0,1.6666666666666667,1.6666666666666667
participant_034,B,3,2C317405B6A,5.0,3.6666666666666665,1.0,5.0,1.0,3.6666666666666665
participant_034,C,3,2C317405B6A,3.0,5.0,5.0,1.0,3.333333333333333,1.3333333333333333
participant_035,0,1,47032B1C65A,3.6666666666666665,2.0,2.0,4.0,1.3333333333333333,2.6666666666666665
participant_035,1,1,47032B1C65A,5.0,3.333333333333333,4.0,4.333333333333333,2.0,3.0
participant_035,2,1,47032B1C65A,5.0,4.333333333333333,5.0,4.333333333333333,1.3333333333333333,4.0
participant_035,3,1,47032B1C65A,5.0,4.0,5.0,4.666666666666667,1.0,4.333333333333333
participant_035,4,1,47032B1C65A,5.0,2.0,3.333333333333333,3.333333333333333,2.6666666666666665,4.0
participant_035,5,1,47032B1C65A,5.0,2.333333333333333,4.0,4.0,1.6666666666666667,5.0
participant_035,6,1,47032B1C65A,5.0,1.6666666666666667,2.333333333333333,3.0,3.6666666666666665,1.6666666666666667
participant_035,7,1,47032B1C65A,2.0,1.3333333333333333,1.0,1.0,2.6666666666666665,4.0
participant_035,A,1,47032B1C65A,5.0,3.333333333333333,4.0,4.0,2.0,5.0
participant_035,B,1,47032B1C65A,5.0,4.0,2.333333333333333,4.666666666666667,1.0,4.0
participant_035,C,1,47032B1C65A,4.666666666666667,5.0,4.333333333333333,3.6666666666666665,4.333333333333333,1.0
participant_036,0,2,47032B1C65A,1.0,1.0,1.6666666666666667,4.666666666666667,3.0,4.0
participant_036,1,2,47032B1C65A,2.6666666666666665,1.0,2.0,2.6666666666666665,5.0,2.333333333333333
participant_036,2,2,47032B1C65A,3.333333333333333,1.0,3.333333333333333,2.6666666666666665,4.333333333333333,3.333333333333333
participant_036,3,2,47032B1C65A,5.0,1.0,4.0,3.0,3.0,3.6666666666666665
participant_036,4,2,47032B1C65A,4.333333333333333,1.0,3.333333333333333,2.6666666666666665,4.333333333333333,3.333333333333333
participant_036,5,2,47032B1C65A,4.666666666666667,1.0,5.0,4.0,5.0,2.333333333333333
participant_036,6,2,47032B1C65A,5.0,1.0,5.0,3.333333333333333,5.0,1.0
participant_036,7,2,47032B1C65A,1.0,1.3333333333333333,1.0,4.666666666666667,1.3333333333333333,1.3333333333333333
participant_036,A,2,47032B1C65A,4.666666666666667,1.0,2.0,4.0,3.6666666666666665,4.666666666666667
participant_036,B,2,47032B1C65A,4.666666666666667,1.0,2.0,5.0,2.6666666666666665,3.0
participant_036,C,2,47032B1C65A,2.0,5.0,4.0,3.333333333333333,2.333333333333333,1.0
participant_037,0,3,47032B1C65A,4.666666666666667,3.0,1.6666666666666667,4.0,1.3333333333333333,2.6666666666666665
participant_037,1,3,47032B1C65A,4.333333333333333,3.6666666666666665,2.333333333333333,3.6666666666666665,3.6666666666666665,1.6666666666666667
participant_037,2,3,47032B1C65A,4.333333333333333,3.6666666666666665,3.6666666666666665,3.333333333333333,3.333333333333333,1.0
participant_037,3,3,47032B1C65A,4.666666666666667,1.0,1.6666666666666667,3.6666666666666665,5.0,1.0
participant_037,4,3,47032B1C65A,2.333333333333333,4.0,2.0,4.0,4.0,2.0
participant_037,5,3,47032B1C65A,1.6666666666666667,5.0,3.6666666666666665,1.3333333333333333,3.6666666666666665,1.3333333333333333
participant_037,6,3,47032B1C65A,4.666666666666667,2.333333333333333,1.3333333333333333,3.0,5.0,1.0
participant_037,7,3,47032B1C65A,1.0,1.3333333333333333,1.0,3.6666666666666665,2.333333333333333,3.333333333333333
participant_037,A,3,47032B1C65A,5.0,5.0,3.0,1.3333333333333333,2.0,2.6666666666666665
participant_037,B,3,47032B1C65A,5.0,1.0,3.6666666666666665,4.0,1.0,5.0
participant_037,C,3,47032B1C65A,2.333333333333333,5.0,5.0,2.0,2.333333333333333,1.0
participant_038,0,3,C1635A0724B,1.0,1.6666666666666667,1.0,5.0,1.3333333333333333,5.0
participant_038,1,3,C1635A0724B,1.6666666666666667,1.0,1.0,5.0,1.6666666666666667,4.0
participant_038,2,3,C1635A0724B,3.333333333333333,1.0,2.333333333333333,4.0,3.333333333333333,4.0
participant_038,3,3,C1635A0724B,4.333333333333333,1.0,1.6666666666666667,4.0,2.0,5.0
participant_038,4,3,C1635A0724B,2.333333333333333,1.0,1.3333333333333333,3.333333333333333,3.6666666666666665,1.6666666666666667
participant_038,5,3,C1635A0724B,4.0,1.0,2.333333333333333,3.6666666666666665,4.333333333333333,4.333333333333333
participant_038,6,3,C1635A0724B,4.666666666666667,1.0,2.0,2.0,2.6666666666666665,5.0
participant_038,7,3,C1635A0724B,1.0,2.0,1.0,5.0,1.0,2.333333333333333
participant_038,A,3,C1635A0724B,4.666666666666667,1.0,2.333333333333333,4.0,2.6666666666666665,5.0
participant_038,B,3,C1635A0724B,4.666666666666667,1.3333333333333333,1.0,3.0,1.0,2.0
participant_038,C,3,C1635A0724B,1.0,5.0,3.333333333333333,1.3333333333333333,4.0,1.0
participant_039,0,1,C1635A0724B,1.0,3.6666666666666665,3.333333333333333,5.0,1.6666666666666667,1.6666666666666667
participant_039,1,1,C1635A0724B,2.333333333333333,2.0,1.0,5.0,5.0,1.6666666666666667
participant_039,2,1,C1635A0724B,4.666666666666667,1.0,3.0,5.0,5.0,1.0
participant_039,3,1,C1635A0724B,5.0,1.0,3.333333333333333,5.0,4.333333333333333,1.0
participant_039,4,1,C1635A0724B,5.0,2.0,4.333333333333333,5.0,5.0,2.333333333333333
participant_039,5,1,C1635A0724B,5.0,1.0,2.333333333333333,5.0,4.333333333333333,1.6666666666666667
participant_039,6,1,C1635A0724B,3.6666666666666665,2.0,1.6666666666666667,4.666666666666667,5.0,1.0
participant_039,7,1,C1635A0724B,1.0,3.6666666666666665,3.6666666666666665,5.0,1.0,5.0
participant_039,A,1,C1635A0724B,5.0,4.0,3.6666666666666665,5.0,4.666666666666667,1.3333333333333333
participant_039,B,1,C1635A0724B,4.666666666666667,4.333333333333333,5.0,5.0,1.0,2.333333333333333
participant_039,C,1,C1635A0724B,1.0,4.666666666666667,4.333333333333333,3.333333333333333,4.0,1.6666666666666667
participant_040,0,1,0B45A713C62,1.0,1.0,1.0,3.6666666666666665,1.0,2.0
participant_040,1,1,0B45A713C62,1.0,2.333333333333333,1.0,4.0,2.6666666666666665,2.333333333333333
participant_040,2,1,0B45A713C62,4.666666666666667,1.0,4.0,3.333333333333333,5.0,2.333333333333333
participant_040,3,1,0B45A713C62,3.6666666666666665,1.0,4.333333333333333,3.0,5.0,1.6666666666666667
participant_040,4,1,0B45A713C62,5.0,1.0,5.0,4.0,4.666666666666667,2.0
participant_040,5,1,0B45A713C62,3.0,1.0,1.0,2.333333333333333,4.666666666666667,1.0
participant_040,6,1,0B45A713C62,3.333333333333333,1.0,2.6666666666666665,2.0,2.333333333333333,1.0
participant_040,7,1,0B45A713C62,1.0,3.0,1.0,2.333333333333333,1.0,3.333333333333333
participant_040,A,1,0B45A713C62,4.666666666666667,1.0,1.6666666666666667,2.6666666666666665,5.0,1.0
participant_040,B,1,0B45A713C62,5.0,1.0,3.0,3.6666666666666665,1.0,4.666666666666667
participant_040,C,1,0B45A713C62,2.333333333333333,5.0,5.0,2.333333333333333,1.3333333333333333,1.3333333333333333
participant_041,0,3,0B45A713C62,2.333333333333333,2.333333333333333,2.6666666666666665,1.6666666666666667,2.6666666666666665,3.0
participant_041,1,3,0B45A713C62,2.0,2.0,1.0,1.0,5.0,1.3333333333333333
participant_041,2,3,0B45A713C62,4.333333333333333,4.666666666666667,5.0,2.333333333333333,1.0,3.333333333333333
participant_041,3,3,0B45A713C62,2.6666666666666665,1.0,3.333333333333333,2.333333333333333,4.666666666666667,1.0
participant_041,4,3,0B45A713C62,5.0,2.6666666666666665,3.6666666666666665,3.6666666666666665,5.0,1.6666666666666667
participant_041,5,3,0B45A713C62,5.0,2.6666666666666665,4.0,3.6666666666666665,3.6666666666666665,2.6666666666666665
participant_041,6,3,0B45A713C62,4.666666666666667,1.6666666666666667,2.0,1.0,5.0,1.3333333333333333
participant_041,7,3,0B45A713C62,1.0,2.333333333333333,1.0,2.333333333333333,1.0,3.6666666666666665
participant_041,A,3,0B45A713C62,4.666666666666667,1.6666666666666667,2.6666666666666665,4.0,4.333333333333333,1.6666666666666667
participant_041,B,3,0B45A713C62,4.666666666666667,4.333333333333333,5.0,5.0,1.3333333333333333,4.0
participant_041,C,3,0B45A713C62,2.0,5.0,5.0,4.333333333333333,1.0,2.6666666666666665
participant_042,0,2,0B45A713C62,5.0,1.0,2.0,5.0,1.0,3.6666666666666665
participant_042,1,2,0B45A713C62,4.333333333333333,1.0,2.0,5.0,1.0,5.0
participant_042,2,2,0B45A713C62,4.333333333333333,1.0,3.333333333333333,4.666666666666667,1.6666666666666667,3.0
participant_042,3,2,0B45A713C62,3.0,1.0,3.0,4.0,4.0,1.6666666666666667
participant_042,4,2,0B45A713C62,3.6666666666666665,1.0,3.6666666666666665,3.0,4.0,1.0
participant_042,5,2,0B45A713C62,4.666666666666667,1.0,3.0,3.333333333333333,1.0,3.6666666666666665
participant_042,6,2,0B45A713C62,4.666666666666667,1.0,3.0,5.0,1.0,3.333333333333333
participant_042,7,2,0B45A713C62,1.0,2.0,1.0,4.333333333333333,1.0,5.0
participant_042,A,2,0B45A713C62,2.6666666666666665,1.0,1.6666666666666667,3.6666666666666665,3.333333333333333,2.0
participant_042,B,2,0B45A713C62,4.666666666666667,1.3333333333333333,2.6666666666666665,4.666666666666667,1.0,2.0
participant_042,C,2,0B45A713C62,3.6666666666666665,5.0,4.333333333333333,4.0,2.333333333333333,1.0
participant_043,0,3,C17A430B652,1.0,1.0,1.0,4.0,4.0,1.3333333333333333
participant_043,1,3,C17A430B652,3.333333333333333,1.0,1.3333333333333333,5.0,1.0,4.666666666666667
participant_043,2,3,C17A430B652,3.0,1.6666666666666667,1.0,5.0,5.0,1.3333333333333333
participant_043,3,3,C17A430B652,4.333333333333333,1.0,1.0,5.0,2.6666666666666665,3.333333333333333
participant_043,4,3,C17A430B652,5.0,1.0,2.6666666666666665,5.0,2.0,5.0
participant_043,5,3,C17A430B652,5.0,1.0,1.6666666666666667,5.0,2.0,4.0
participant_043,6,3,C17A430B652,5.0,1.0,1.0,5.0,4.0,4.0
participant_043,7,3,C17A430B652,1.0,1.0,1.0,5.0,4.0,1.3333333333333333
participant_043,A,3,C17A430B652,5.0,1.0,2.0,5.0,1.6666666666666667,5.0
participant_043,B,3,C17A430B652,4.666666666666667,1.0,2.0,5.0,1.0,5.0
participant_043,C,3,C17A430B652,1.0,5.0,4.0,1.6666666666666667,5.0,1.0
participant_044,0,1,C17A430B652,3.333333333333333,1.0,3.333333333333333,2.6666666666666665,3.6666666666666665,2.333333333333333
participant_044,1,1,C17A430B652,2.6666666666666665,1.0,1.3333333333333333,1.0,4.0,1.0
participant_044,2,1,C17A430B652,4.333333333333333,1.3333333333333333,3.333333333333333,3.6666666666666665,4.0,1.6666666666666667
participant_044,3,1,C17A430B652,3.0,1.0,1.6666666666666667,1.6666666666666667,4.333333333333333,2.6666666666666665
participant_044,4,1,C17A430B652,3.333333333333333,1.0,1.3333333333333333,2.0,3.6666666666666665,2.6666666666666665
participant_044,5,1,C17A430B652,3.333333333333333,1.6666666666666667,3.333333333333333,2.333333333333333,4.333333333333333,3.6666666666666665
participant_044,6,1,C17A430B652,3.0,1.0,2.333333333333333,2.333333333333333,4.0,2.0
participant_044,7,1,C17A430B652,1.0,1.6666666666666667,2.333333333333333,2.333333333333333,1.3333333333333333,1.3333333333333333
participant_044,A,1,C17A430B652,4.333333333333333,1.0,2.6666666666666665,2.333333333333333,3.6666666666666665,2.333333333333333
participant_044,B,1,C17A430B652,4.666666666666667,1.0,2.6666666666666665,4.0,3.333333333333333,4.0
participant_044,C,1,C17A430B652,3.6666666666666665,3.6666666666666665,5.0,4.666666666666667,5.0,2.333333333333333
participant_045,0,3,C17A430B652,1.6666666666666667,1.0,2.0,2.6666666666666665,2.0,1.0
participant_045,1,3,C17A430B652,5.0,1.0,4.333333333333333,5.0,2.0,1.6666666666666667
participant_045,2,3,C17A430B652,5.0,1.0,4.0,5.0,2.6666666666666665,4.333333333333333
participant_045,3,3,C17A430B652,5.0,1.0,5.0,4.666666666666667,2.333333333333333,4.333333333333333
participant_045,4,3,C17A430B652,5.0,1.0,5.0,5.0,2.0,5.0
participant_045,5,3,C17A430B652,5.0,1.0,4.0,5.0,3.333333333333333,4.666666666666667
participant_045,6,3,C17A430B652,5.0,1.0,4.0,5.0,2.6666666666666665,4.0
participant_045,7,3,C17A430B652,1.3333333333333333,1.0,1.6666666666666667,1.3333333333333333,1.0,1.0
participant_045,A,3,C17A430B652,5.0,1.0,4.666666666666667,5.0,1.0,5.0
participant_045,B,3,C17A430B652,4.666666666666667,1.3333333333333333,2.6666666666666665,5.0,1.3333333333333333,4.666666666666667
participant_045,C,3,C17A430B652,1.0,5.0,3.333333333333333,2.0,4.0,1.3333333333333333
participant_046,0,1,C12A45B7306,1.0,1.0,1.0,5.0,1.0,3.333333333333333
participant_046,1,1,C12A45B7306,3.6666666666666665,1.0,2.333333333333333,4.666666666666667,3.6666666666666665,4.333333333333333
participant_046,2,1,C12A45B7306,4.333333333333333,1.0,3.6666666666666665,5.0,4.666666666666667,2.6666666666666665
participant_046,3,1,C12A45B7306,4.0,1.0,3.6666666666666665,5.0,3.6666666666666665,2.333333333333333
participant_046,4,1,C12A45B7306,3.6666666666666665,2.0,3.0,5.0,3.0,2.0
participant_046,5,1,C12A45B7306,4.333333333333333,3.0,3.0,5.0,2.6666666666666665,3.6666666666666665
participant_046,6,1,C12A45B7306,3.333333333333333,1.6666666666666667,3.333333333333333,4.333333333333333,2.6666666666666665,2.333333333333333
participant_046,7,1,C12A45B7306,1.0,1.0,1.0,5.0,1.0,1.0
participant_046,A,1,C12A45B7306,3.0,1.0,2.0,4.666666666666667,1.3333333333333333,2.6666666666666665
participant_046,B,1,C12A45B7306,5.0,1.0,1.6666666666666667,5.0,1.0,3.6666666666666665
participant_046,C,1,C12A45B7306,2.6666666666666665,4.666666666666667,4.333333333333333,1.3333333333333333,3.6666666666666665,2.0
participant_047,0,2,3B4C610527A,3.333333333333333,1.6666666666666667,1.3333333333333333,4.666666666666667,1.6666666666666667,4.0
participant_047,1,2,3B4C610527A,3.333333333333333,1.3333333333333333,1.3333333333333333,4.0,2.6666666666666665,4.0
participant_047,2,2,3B4C610527A,3.333333333333333,1.0,2.333333333333333,4.0,4.666666666666667,2.6666666666666665
participant_047,3,2,3B4C610527A,4.666666666666667,1.3333333333333333,2.0,4.333333333333333,4.0,1.6666666666666667
participant_047,4,2,3B4C610527A,4.0,1.6666666666666667,2.0,3.333333333333333,3.333333333333333,3.6666666666666665
participant_047,5,2,3B4C610527A,3.0,1.3333333333333333,1.0,5.0,3.6666666666666665,2.0
participant_047,6,2,3B4C610527A,2.6666666666666665,1.0,1.3333333333333333,4.0,2.6666666666666665,4.0
participant_047,7,2,3B4C610527A,1.0,2.0,1.3333333333333333,5.0,1.0,3.6666666666666665
participant_047,A,2,3B4C610527A,3.6666666666666665,1.0,2.0,4.666666666666667,3.6666666666666665,3.6666666666666665
participant_047,B,2,3B4C610527A,5.0,2.0,1.6666666666666667,4.666666666666667,1.0,1.3333333333333333
participant_047,C,2,3B4C610527A,1.3333333333333333,5.0,3.333333333333333,1.3333333333333333,2.333333333333333,1.6666666666666667
participant_048,0,3,3B4C610527A,1.0,1.0,1.0,5.0,3.6666666666666665,1.0
participant_048,1,3,3B4C610527A,5.0,1.0,1.3333333333333333,5.0,2.333333333333333,5.0
participant_048,2,3,3B4C610527A,5.0,2.333333333333333,5.0,5.0,5.0,4.333333333333333
participant_048,3,3,3B4C610527A,5.0,3.6666666666666665,5.0,5.0,2.333333333333333,2.6666666666666665
participant_048,4,3,3B4C610527A,5.0,2.333333333333333,4.333333333333333,3.6666666666666665,5.0,1.0
participant_048,5,3,3B4C610527A,5.0,2.333333333333333,5.0,5.0,3.6666666666666665,5.0
participant_048,6,3,3B4C610527A,1.0,2.333333333333333,1.0,3.6666666666666665,3.6666666666666665,1.0
participant_048,7,3,3B4C610527A,1.0,1.6666666666666667,1.0,3.6666666666666665,1.0,1.0
participant_048,A,3,3B4C610527A,5.0,2.6666666666666665,1.0,4.666666666666667,5.0,1.0
participant_048,B,3,3B4C610527A,5.0,3.333333333333333,1.0,2.333333333333333,1.0,5.0
participant_048,C,3,3B4C610527A,5.0,3.6666666666666665,5.0,1.0,3.6666666666666665,1.6666666666666667
participant_049,0,1,3B4C610527A,1.3333333333333333,1.0,1.0,3.333333333333333,3.0,1.0
participant_049,1,1,3B4C610527A,4.0,3.0,3.0,3.333333333333333,1.3333333333333333,4.0
participant_049,2,1,3B4C610527A,5.0,5.0,5.0,4.333333333333333,1.6666666666666667,4.666666666666667
participant_049,3,1,3B4C610527A,4.666666666666667,4.0,3.0,3.0,1.6666666666666667,4.333333333333333
participant_049,4,1,3B4C610527A,4.666666666666667,2.6666666666666665,3.0,3.333333333333333,2.333333333333333,3.333333333333333
participant_049,5,1,3B4C610527A,4.666666666666667,1.3333333333333333,4.0,3.0,1.0,4.333333333333333
participant_049,6,1,3B4C610527A,3.333333333333333,1.0,2.0,4.0,3.0,4.333333333333333
participant_049,7,1,3B4C610527A,2.0,1.3333333333333333,1.3333333333333333,1.3333333333333333,2.333333333333333,1.0
participant_049,A,1,3B4C610527A,4.666666666666667,3.333333333333333,3.0,3.6666666666666665,2.0,4.0
participant_049,B,1,3B4C610527A,5.0,2.0,2.6666666666666665,4.0,1.3333333333333333,1.3333333333333333
participant_049,C,1,3B4C610527A,3.333333333333333,5.0,5.0,2.0,3.333333333333333,1.6666666666666667
participant_050,0,2,046B12A7C35,1.6666666666666667,1.0,1.0,1.6666666666666667,3.333333333333333,4.0
participant_050,1,2,046B12A7C35,3.0,1.3333333333333333,1.0,3.0,4.666666666666667,2.0
participant_050,2,2,046B12A7C35,4.666666666666667,1.3333333333333333,2.6666666666666665,5.0,2.333333333333333,2.333333333333333
participant_050,3,2,046B12A7C35,4.333333333333333,1.0,3.0,2.333333333333333,3.333333333333333,4.666666666666667
participant_050,4,2,046B12A7C35,2.6666666666666665,1.0,1.3333333333333333,3.0,5.0,2.0
participant_050,5,2,046B12A7C35,4.0,1.0,4.666666666666667,3.6666666666666665,3.0,3.6666666666666665
participant_050,6,2,046B12A7C35,3.6666666666666665,1.0,3.333333333333333,4.333333333333333,1.3333333333333333,4.333333333333333
participant_050,7,2,046B12A7C35,1.6666666666666667,2.0,1.0,3.6666666666666665,1.6666666666666667,1.0
participant_050,A,2,046B12A7C35,4.333333333333333,1.3333333333333333,2.333333333333333,3.0,2.6666666666666665,3.333333333333333
participant_050,B,2,046B12A7C35,5.0,1.3333333333333333,3.6666666666666665,5.0,1.0,4.0
participant_050,C,2,046B12A7C35,1.3333333333333333,5.0,4.0,3.0,2.333333333333333,1.0
participant_051,0,1,046B12A7C35,1.0,2.0,2.333333333333333,2.333333333333333,4.333333333333333,3.6666666666666665
participant_051,1,1,046B12A7C35,2.0,1.0,2.0,2.0,3.333333333333333,1.0
participant_051,2,1,046B12A7C35,2.333333333333333,1.0,3.333333333333333,2.0,3.333333333333333,3.333333333333333
participant_051,3,1,046B12A7C35,3.0,1.6666666666666667,3.0,2.333333333333333,3.333333333333333,1.0
participant_051,4,1,046B12A7C35,3.333333333333333,1.0,3.333333333333333,3.6666666666666665,3.6666666666666665,2.333333333333333
participant_051,5,1,046B12A7C35,4.666666666666667,1.0,3.333333333333333,1.6666666666666667,3.6666666666666665,1.0
participant_051,6,1,046B12A7C35,4.0,1.6666666666666667,2.6666666666666665,3.0,3.0,2.333333333333333
participant_051,7,1,046B12A7C35,3.0,1.0,3.6666666666666665,3.6666666666666665,1.6666666666666667,5.0
participant_051,A,1,046B12A7C35,5.0,2.0,4.333333333333333,4.333333333333333,2.0,5.0
participant_051,B,1,046B12A7C35,4.333333333333333,1.6666666666666667,4.666666666666667,5.0,1.0,2.6666666666666665
participant_051,C,1,046B12A7C35,4.0,5.0,4.0,4.666666666666667,3.333333333333333,2.333333333333333
participant_052,0,3,046B12A7C35,2.6666666666666665,1.0,2.333333333333333,2.0,3.6666666666666665,2.0
participant_052,1,3,046B12A7C35,4.666666666666667,1.6666666666666667,4.0,4.333333333333333,3.333333333333333,2.0
participant_052,2,3,046B12A7C35,3.6666666666666665,3.333333333333333,3.6666666666666665,3.333333333333333,2.6666666666666665,2.0
participant_052,3,3,046B12A7C35,2.0,4.333333333333333,4.0,3.333333333333333,2.6666666666666665,4.333333333333333
participant_052,4,3,046B12A7C35,4.666666666666667,4.666666666666667,3.333333333333333,2.6666666666666665,3.333333333333333,3.0
participant_052,5,3,046B12A7C35,2.333333333333333,2.6666666666666665,3.0,2.333333333333333,3.0,2.6666666666666665
participant_052,6,3,046B12A7C35,4.0,1.3333333333333333,3.6666666666666665,2.333333333333333,3.333333333333333,1.6666666666666667
participant_052,7,3,046B12A7C35,1.0,1.0,2.333333333333333,2.6666666666666665,1.0,1.0
participant_052,A,3,046B12A7C35,4.333333333333333,2.333333333333333,1.6666666666666667,1.3333333333333333,3.0,1.3333333333333333
participant_052,B,3,046B12A7C35,2.6666666666666665,2.6666666666666665,2.6666666666666665,4.666666666666667,2.0,2.0
participant_052,C,3,046B12A7C35,2.6666666666666665,4.666666666666667,4.333333333333333,2.0,4.666666666666667,1.3333333333333333
participant_053,0,2,253C671BA04,2.333333333333333,1.0,1.0,5.0,2.0,3.6666666666666665
participant_053,1,2,253C671BA04,3.333333333333333,1.0,1.3333333333333333,5.0,2.0,5.0
participant_053,2,2,253C671BA04,3.333333333333333,1.0,1.0,4.333333333333333,4.0,1.6666666666666667
participant_053,3,2,253C671BA04,4.0,1.0,1.0,5.0,5.0,3.333333333333333
participant_053,4,2,253C671BA04,5.0,1.0,1.0,5.0,3.6666666666666665,3.333333333333333
participant_053,5,2,253C671BA04,3.333333333333333,1.0,1.0,5.0,4.333333333333333,4.666666666666667
participant_053,6,2,253C671BA04,3.6666666666666665,1.0,1.0,5.0,4.0,2.333333333333333
participant_053,7,2,253C671BA04,1.0,1.3333333333333333,1.0,5.0,1.0,2.333333333333333
participant_053,A,2,253C671BA04,3.6666666666666665,1.0,1.0,5.0,3.6666666666666665,4.0
participant_053,B,2,253C671BA04,5.0,2.0,1.6666666666666667,4.666666666666667,1.0,1.6666666666666667
participant_053,C,2,253C671BA04,1.6666666666666667,5.0,4.666666666666667,1.0,3.0,1.0
participant_054,0,1,253C671BA04,5.0,1.0,5.0,3.6666666666666665,3.6666666666666665,5.0
participant_054,1,1,253C671BA04,5.0,1.0,4.666666666666667,3.6666666666666665,1.0,2.0
participant_054,2,1,253C671BA04,5.0,1.0,4.0,5.0,2.333333333333333,3.6666666666666665
participant_054,3,1,253C671BA04,2.333333333333333,2.333333333333333,5.0,4.0,2.333333333333333,3.6666666666666665
participant_054,4,1,253C671BA04,5.0,1.0,5.0,5.0,3.6666666666666665,3.6666666666666665
participant_054,5,1,253C671BA04,5.0,2.333333333333333,3.6666666666666665,2.333333333333333,3.333333333333333,3.6666666666666665
participant_054,6,1,253C671BA04,4.666666666666667,1.0,2.6666666666666665,2.6666666666666665,1.0,4.0
participant_054,7,1,253C671BA04,1.0,1.0,1.0,5.0,1.0,2.333333333333333
participant_054,A,1,253C671BA04,3.6666666666666665,1.0,5.0,5.0,4.0,2.0
participant_054,B,1,253C671BA04,5.0,1.0,2.333333333333333,5.0,1.0,3.6666666666666665
participant_054,C,1,253C671BA04,1.0,5.0,5.0,2.333333333333333,1.0,1.0
participant_055,0,3,253C671BA04,2.6666666666666665,1.0,1.3333333333333333,3.333333333333333,2.0,3.6666666666666665
participant_055,1,3,253C671BA04,4.666666666666667,1.0,1.0,2.6666666666666665,1.6666666666666667,3.0
participant_055,2,3,253C671BA04,3.6666666666666665,1.6666666666666667,1.6666666666666667,4.0,3.6666666666666665,4.0
participant_055,3,3,253C671BA04,4.0,3.0,2.0,3.0,4.666666666666667,3.0
participant_055,4,3,253C671BA04,5.0,2.0,4.666666666666667,3.6666666666666665,3.0,4.666666666666667
participant_055,5,3,253C671BA04,5.0,2.0,2.333333333333333,3.6666666666666665,3.333333333333333,2.6666666666666665
participant_055,6,3,253C671BA04,4.666666666666667,1.0,2.0,2.0,2.0,3.333333333333333
participant_055,7,3,253C671BA04,1.0,1.3333333333333333,1.0,2.6666666666666665,1.6666666666666667,1.0
participant_055,A,3,253C671BA04,4.333333333333333,2.333333333333333,4.0,4.0,3.6666666666666665,1.6666666666666667
participant_055,B,3,253C671BA04,5.0,1.0,2.6666666666666665,3.6666666666666665,1.0,2.6666666666666665
participant_055,C,3,253C671BA04,2.0,3.6666666666666665,3.333333333333333,1.3333333333333333,3.6666666666666665,2.0
